,X0,X1,y
0,-0.7878162581526225,0.8063392839867212,0
1,1.4804233814287011,-0.1399018732769998,1
2,0.2749291628349911,-0.11747153154951068,1
3,0.5207726505868177,-0.36730044577250803,1
4,0.21342569484789628,-0.04912992332157887,1
5,1.0699892341000627,-0.3602151166784835,1
6,-0.40626515530777657,1.206662604225655,0
7,0.060659359016981926,1.1577867246964977,0
8,-0.29357624155922973,0.22178708607983938,1
9,-0.7835559252509389,0.5281220931325324,0
10,0.9708602447889848,-0.5390235167936464,1
11,0.9645531810732415,-0.5152349301448138,1
12,1.2747629329738228,-0.367653728975589,1
13,0.4429913922869791,0.05541973435185014,1
14,0.22345681779698573,0.9179879500564666,0
15,1.8598637915334106,-0.025441812658829003,1
16,-0.5061509992376247,1.01376229284939,0
17,0.18681802224265795,-0.25760281286259024,1
18,-0.8275367593489377,0.38896972716103934,0
19,0.7614129228295201,-0.4147464390853768,1
20,0.6002233487240533,0.5971121365426073,0
21,1.7231587042511551,-0.04759486223548515,1
22,1.9093573883562145,0.20125675506200608,1
23,-0.8297897764060661,0.6270125489941643,0
24,-0.45547412318050284,0.9941051046148875,0
25,0.3282816335047274,0.9391715164821828,0
26,2.1616512558976693,0.38520646147559995,1
27,0.28239255414756165,0.8049496076020198,0
28,-0.27544316123156154,0.9811300845995797,0
29,0.7774919221750795,0.557147799496378,0
30,1.842014350706275,0.2921897736688081,1
31,-1.186139844532606,0.5819349751264403,0
32,1.5268605417365775,-0.06142799237148694,1
33,-0.8766821712162368,0.9427182953238668,0
34,-0.3343328808229244,0.9123008279798451,0
35,-0.7826619835742581,0.6305932144655689,0
36,-0.4398733944249222,1.0028976341628681,0
37,0.7874033418959187,0.13892616345343806,0
38,-0.9177177795348729,0.5003982689787206,0
39,1.6733695515474507,-0.20454736347856695,1
40,0.9109173556940999,0.5495460165641126,0
41,0.686385259386612,0.6281057001628546,0
42,-0.023622598114632756,0.36414710780168824,1
43,0.007797517456691751,0.2554975608273032,1
44,0.22975921999121635,0.2642575222402769,1
45,1.2846200030609491,-0.6416789118556152,1
46,-0.4073835036493998,0.6885840016516777,0
47,1.5112469933581953,-0.2092481187662289,1
48,1.9650679581595456,0.1391124562294448,1
49,1.8202543218828946,0.14892138490434548,1
50,2.0672873536593914,-0.2628161157281105,1
51,0.8318362313140026,-0.1780155025941726,1
52,-0.10984671487780298,0.8593557653698751,0
53,0.758587842393853,0.47807080471967206,0
54,-0.7086593407066946,0.7269168022067882,0
55,-0.69985220602182,0.5855045761136455,0
56,-0.38212476454109784,0.8765451503916065,0
57,-1.0105281439687466,0.44222954941991777,0
58,1.606517145671261,-0.28965896765721727,1
59,0.18082855311579984,0.3645639849571969,1
60,0.5604572491232234,0.9575242636230673,0
61,0.9760351714134763,0.8060717092412161,0
62,0.21384398361674264,0.3636658318173395,1
63,0.5005758114278762,-0.2088912772361421,1
64,0.934320297229177,-0.46139741455929034,1
65,-1.0459776257335642,0.30425075982986427,0
66,0.4185178597597994,-0.48484028885152736,1
67,-0.08015349098509039,0.8845224151883184,0
68,-0.5529422660058032,0.6387462486541223,0
69,0.979015203184142,-0.3381889530287999,1
70,1.6399376793960507,0.20644732625093265,1
71,1.3299982364722318,-0.5404867059178244,1
72,1.7270043450548846,0.11125648835790453,1
73,2.1867664244041034,0.1369940697411787,1
74,0.6643349136796,-0.6535006001275453,1
75,0.22806330816150558,0.6658034587811295,1
76,0.5487639776666888,-0.3363102386798803,1
77,0.0883356920705331,0.07900420641412109,1
78,0.9493203070769426,-0.41460351711797305,1
79,-0.7105227529744756,0.6060990827496607,0
80,0.6439669138755296,0.8108728478317486,0
81,-0.46226083018819214,0.9157215367909353,0
82,0.7688217117898413,0.2704266935613308,0
83,0.875629432782708,0.4011300219700766,0
84,-0.15291521272903966,0.15611675828953533,1
85,0.48767614135935083,0.018713842519312074,1
86,-0.8411201646707679,0.4982142266260708,0
87,1.0515683429458567,0.13671301157485974,0
88,1.0120189830509274,0.06012709460814347,0
89,0.5722992388178666,0.7896755328158963,0
90,0.3951891956032271,0.7290436127906779,0
91,-0.901095854647149,0.16555828640603337,0
92,0.7247248786417892,0.7764459507300956,0
93,1.8707184477432852,0.4282003323142155,1
94,1.6836572536583814,-0.3386913615362003,1
95,-0.09865549645891135,1.0291205293603773,0
96,0.45533400626643816,-0.6088780986901785,1
97,1.0507575197499353,-0.23511617001264118,1
98,-0.9876717563400748,0.15278015274619694,0
99,1.0586459381721556,0.20034276101870713,0
100,1.4057701374711022,-0.15196530986651463,1
101,0.7353705425881596,0.4407540880476162,0
102,-1.1863245824747908,0.2602103968570328,0
103,1.0665799273083172,0.10865585514411666,0
104,-0.5620674661655816,0.8987262945853673,0
105,2.1144878650364305,0.483127382318915,1
106,1.905199476342409,-0.13937333542960717,1
107,0.6243197085680161,-0.5765266531178533,1
108,-0.4389507632162154,0.9386720096711367,0
109,0.31267449841068284,-0.031486801719404184,1
110,-0.14571642289648953,1.1135506531445394,0
111,0.11523903449221702,0.9337150965904936,0
112,0.9848157068357423,-0.48791556683788445,1
113,2.1485200555504935,0.3648604176460697,1
114,0.09336437403149658,1.043038635056767,0
115,-0.78834198291685,0.42092501623151624,0
116,-0.5730046850253877,0.7952206657225405,0
117,0.04145841928966914,0.23409125827910113,1
118,1.2468165289803386,-0.031146188489339477,1
119,-0.08939326344985477,0.05379679316640382,1
120,-0.10275612957198742,0.2121069817783911,1
121,0.2541679932449588,0.05043155887078157,1
122,1.7006510734470774,-0.3587385585365483,1
123,-0.14680636459903568,-0.07787818288318521,1
124,-1.0538464579241258,0.4397980539626867,0
125,0.27671958865649465,-0.27077936130616165,1
126,0.19281354074973206,-0.08514738515149255,1
127,0.31781494462761306,-0.19313682028210716,1
128,1.9971636300574247,0.46551348219616673,1
129,-1.043971067692598,0.29082588472020166,0
130,0.262219994175587,-0.13778471789393706,1
131,-0.5777072018753948,0.9162238020196225,0
132,-0.6546244016574787,0.6892577739497022,0
133,0.3979173252485266,0.7252657103853017,0
134,-0.32321550131858956,0.6234724917445617,0
135,0.15637507614923538,0.2123879583914312,1
136,2.0526383080327553,0.2672267456463973,1
137,0.5041461008168074,0.7685208107173408,0
138,1.4598336024716154,-0.059853647440963,1
139,0.7719921079824492,0.40949766882803595,0
140,-1.0474108830610964,0.642635221127359,0
141,-0.026044912497633542,1.0471423189060045,0
142,1.1664756987982579,-0.21176473362056134,1
143,0.4192856950288357,-0.7576897590345655,1
144,0.36749338644414214,0.8345051973124966,0
145,0.9519776625024581,-0.3597231475763207,1
146,0.23101642811986137,-0.03336039579661584,1
147,2.014522311886476,0.5176899147688209,1
148,-0.0189048917680767,0.3101416799368592,1
149,1.7057145589240936,-0.3115733305179782,1
150,-0.09676122194088208,1.2172067340767594,0
151,0.3917954677096069,0.9214533410217046,0
152,1.3589079999653098,-0.5306675791098256,1
153,0.13794174605601323,0.5544513045239459,1
154,0.5167271172505012,0.44663247644635307,0
155,1.2717510402773224,-0.12825444236919975,1
156,0.6005969771844097,-0.05065894269122728,1
157,2.1146197103254987,0.0032628692484828054,1
158,-0.23026877298537646,0.752494121756459,0
159,0.6927596519646937,-0.4266821841842193,1
160,0.38336541271829855,0.27609125485845876,1
161,1.2023209829051373,-0.5124266294560372,1
162,-0.06360459490614578,0.08906835775549578,1
163,-0.43104905382023473,0.9613823247662449,0
164,0.7752202049604047,0.43581245526200363,0
165,0.9801249399547918,-0.40196930606923087,1
166,1.072502353176683,0.6220397589493551,0
167,0.8809502734080945,0.8745420083529041,0
168,0.3964555128501134,-0.15658559959835106,1
169,-0.8362812140175498,1.0328659126838717,0
170,-0.4336316800070252,0.7768232220026056,0
171,0.687830962933291,-0.3970304139471503,1
172,0.9776785931572571,0.5490009189325256,0
173,1.2201091132915758,-0.5095737057682046,1
174,0.6602626140308855,0.950943504410519,0
175,0.1299877971328966,0.7717599076328155,0
176,-0.9784562184399144,-0.14288730977173786,0
177,-1.0868200049808898,0.5506872409452253,0
178,-0.32460170925748605,0.5071243371935193,0
179,0.42437699365881415,-0.04787042218854551,1
180,-0.6940054256256891,-0.0405766889919289,0
181,1.533599514533577,-0.841649878930995,1
182,-0.6428315824780193,0.9516252756239806,0
183,2.0703296473314143,0.6697638288266548,1
184,0.14461577165541148,0.4406109276999394,1
185,1.6341118363384883,-0.311466203425419,1
186,0.6478667214991414,-0.41327643965016675,1
187,0.7552236164138271,-0.5215222070833196,1
188,0.9404897240067001,0.539999429577895,0
189,-0.4222763706928614,0.7241521520277943,0
190,0.40738603823856107,1.0998290435939286,0
191,1.209374170547015,-0.9507129560526629,1
192,-0.022954344910756652,0.1750009019801828,1
193,1.120676194817565,-0.511205464135107,1
194,0.8633259561102733,0.7547087930054329,0
195,0.8774263126670536,0.20219765368521464,0
196,1.1113186848890284,0.3553687852501566,0
197,0.7275010639605664,0.7996860730513451,0
198,-1.0370817958105658,0.3642428879415302,0
199,-1.0701963235761114,0.352813519680255,0
200,-0.18459447054891123,0.7766860396750486,0
201,0.06002317438501431,0.2720526336651995,1
202,1.228656313398828,-0.3841203035110147,1
203,0.3085064356282608,-0.18718110244110628,1
204,1.9240346621443674,0.3569688329125336,1
205,-1.2109092689204095,0.3560824077127914,0
206,0.6555743766795425,-0.45681571235136714,1
207,1.8351705865374008,-0.24272395536251623,1
208,0.4524689223799663,-0.1850314632179968,1
209,-0.833540398655339,0.425226583208539,0
210,1.4813869030538247,-0.25374396896966867,1
211,1.8134528251602529,-0.03156030581977484,1
212,0.7855525627920902,0.4467840322593328,0
213,-0.8761649471951345,0.6030958375427237,0
214,-0.8250913346426942,0.5458238493136385,0
215,0.6589487156365569,0.822809780026274,0
216,-0.7424378994201741,0.46698338762176494,0
217,0.3195612937956551,0.8159573489303633,0
218,1.8225987330698659,-0.27030582877816756,1
219,-1.0596400516139708,0.02169211302884233,0
220,0.8372571614628534,-0.40478352415758156,1
221,1.1013088836685692,-0.6749916695935435,1
222,0.2792871189361678,-0.48501662095189724,1
223,0.8141459071558701,0.48319108689128165,0
224,1.9020897443556393,0.15939500493274236,1
225,0.9696980976945193,0.28062013630365146,0
226,-0.6618847645850513,0.48453829384534153,0
227,-0.028945365316719276,0.5817979336609773,1
228,0.792029926942877,0.6242199558692382,0
229,1.3221364190671205,-0.45426446856589153,1
230,0.40621039132443715,-0.3314896730261334,1
231,0.32957761595911156,-0.4772152756859773,1
232,1.463219866826261,-0.09793853111067477,1
233,-0.886593619215071,0.238552112139296,0
234,0.559872294287786,0.5931419435719556,0
235,0.11282207329242257,0.10994224089366686,1
236,-0.7572796142507091,0.6699563011627603,0
237,1.0021935677934948,-0.8587417881191217,1
238,0.363437305862647,0.04997203935309974,1
239,0.9115359877743707,-0.5474247736205471,1
240,1.2888085324989635,-0.603798779815895,1
241,-0.17879878785426037,1.0169512797405038,0
242,-0.25969435758091686,1.0148108869223476,0
243,1.6007554340578647,0.0699499181227041,1
244,0.7475823858308371,-0.2466078118184949,0
245,0.4240375146131698,0.6835362304439188,0
246,0.198669792248898,0.4438262957308356,1
247,-0.9271752401467689,0.40102034577950174,0
248,1.851033642565107,0.11892528712774997,1
249,1.2976367786065905,-0.2875728024744909,1
250,0.5943886451245066,0.9757860734142777,0
251,0.41194492062973703,0.7848094042154269,0
252,0.20371027720102286,-0.16737519404850393,1
253,1.4452599908196226,-0.3346488193247694,1
254,0.8670970014762631,-0.784018431147899,1
255,-0.23824158357616793,-0.14839751678896812,1
256,0.03984340930050164,0.33311185631660944,1
257,1.6411840510764093,-0.39878051369034434,1
258,-0.819101237700715,0.5736599738425747,0
259,0.8366161678691408,0.900516487409154,0
260,0.4027521043875954,-0.522283097974904,1
261,1.6354723424344264,-0.5455246859036362,1
262,1.0658817735483463,0.12116834192531417,0
263,1.387935077502421,0.08818760936404879,1
264,1.3097766659235792,-0.4946418287315078,1
265,0.4051052829075306,-0.26221530604277965,1
266,-0.43084730679336625,0.8257958414790739,0
267,0.6666684737195263,-0.24503327763293206,1
268,0.019975650479966245,-0.21734384069128168,1
269,0.40147182254588526,-0.2014683696529914,1
270,0.5091470084433672,0.9815759344829894,0
271,0.02222337763745824,0.030727641742990863,1
272,-0.993992101184805,0.39654212136813916,0
273,-0.009615783874934891,0.026723394396836825,1
274,-0.06708543387939284,0.6376324526661157,1
275,-1.0612136253824647,0.43421953124447227,0
276,1.1639974947599299,0.290426921510656,0
277,1.3366190077489346,-0.414249199632788,1
278,0.8724614699361655,0.840392166558582,0
279,-0.05789821402931176,0.2383441438169162,1
280,0.9864100916511367,0.7213109875584836,0
281,1.3992182362231782,-0.42347286068829204,1
282,-0.17747452289419002,0.8709460892274106,0
283,1.638238213961285,-0.4371276345804629,1
284,1.0213520072914397,-0.4583507921212032,1
285,0.5102799281407853,-0.04216021243529835,1
286,1.708211601798829,0.46991870395275437,1
287,0.19078987099111955,0.8818110150681066,0
288,0.36970645175676353,0.23937881932613106,1
289,-0.3037529589375521,0.48129091070680696,1
290,0.4666330776207352,-0.34818623964377865,1
291,1.2387623220152508,0.17739660303101418,0
292,1.513797855132309,-0.5963794973051738,1
293,-0.6727307485055873,-0.07041300964652193,0
294,1.7354304235196851,-0.04882465667402403,1
295,0.7369041218733656,0.5536946716658331,0
296,-0.910135089087549,0.7539469744418413,0
297,-0.49220023246669775,0.9707735756456015,0
298,0.5120994322443808,-0.43201600596110934,1
299,0.2840621490592003,0.8100304003622486,0
300,0.5271105915455845,0.9846732372658455,0
301,0.9247806574933481,-0.13831944123657064,1
302,2.0009793973180914,0.3733460535897799,1
303,1.6822320781710323,-0.5448293660977939,1
304,-1.0550566083480941,-0.05845246400566109,0
305,0.9172577674353035,-0.5694424491335225,1
306,1.1020494076625,-0.7621590086891072,1
307,-0.9580616465736859,0.18912229445299522,0
308,1.7580584505558754,-0.5024363306625483,1
309,0.14842224835757528,0.1328506474040093,1
310,1.7429147999303218,0.21896400008349798,1
311,1.1133770102030818,0.40464852530099316,0
312,0.9041197704674832,0.8109686435963064,0
313,1.6545157072452386,-0.4631368900844294,1
314,0.6604131689432496,-0.32586856208178144,1
315,0.8474851229868351,0.2894887264739412,0
316,-0.3521959752594803,0.6195546148720988,0
317,-0.9035978105916814,0.5556953846479422,0
318,0.9435920504258973,0.04722982144836092,0
319,-1.0198930482358164,0.19517951821582996,0
320,1.059714764222952,-0.3382878274965604,1
321,1.3185189994898991,0.2898719701289786,0
322,0.5235226485044304,0.5303537015816749,0
323,1.736304602698024,-0.2939780485692492,1
324,1.8906823908253854,0.15400752616329116,1
325,1.8782433975731316,0.6504285235830719,1
326,0.21960499029155012,0.7647573501058741,0
327,1.4536288170084077,-0.3999716003150975,1
328,0.9002505930544822,0.4213303376716801,0
329,-0.9925269066852431,0.6404950083006833,0
330,0.7654522035853031,0.06747104307283694,0
331,1.6474604117808398,-0.0827685709626643,1
332,0.30190938510671117,-0.36581007427797946,1
333,-0.1138158595906939,1.0765575517041248,0
334,0.9293430668927337,-0.45792101621881215,1
335,1.1058867406722594,0.4613875084516922,0
336,-1.21004063644245,0.27440256070761576,0
337,0.6829787519399855,0.9412546312939317,0
338,-0.1788967274410209,0.8540652798124996,0
339,0.7025715872585254,0.8336273294515677,0
340,0.5069900813370478,0.8119712102275906,0
341,0.4889566564606225,0.9956064442732364,0
342,0.20645737684842067,0.20117811834974675,1
343,2.1297855606588514,0.5896934241245331,1
344,1.426184364546561,-0.2635870447229771,1
345,0.9894513185502709,1.0463509904126183,0
346,-0.6827974718100821,0.8565345225367068,0
347,0.803759796600858,0.23029351823518204,0
348,0.6471453018070162,-0.6994056000268214,1
349,0.5633816874270708,-0.2407478296964138,1
350,0.4672386785640555,1.111072312200734,0
351,0.46803122285028304,0.7728032671156261,0
352,2.139514819712002,0.3633128512282625,1
353,-0.521688390867982,0.8510234097320484,0
354,0.9318220754714185,-0.12900557939426346,0
355,0.6437390017567151,0.807108015825861,0
356,-0.012132062035816321,1.1928726309516102,0
357,-1.0632268745579947,0.19462893461307432,0
358,-0.8530341840955613,0.8441654622632686,0
359,1.6765060934820821,-0.08753805615993851,1
360,0.5389403102229713,0.810793810059398,0
361,-0.36495491533963675,0.9534577194192143,0
362,0.1786205440809229,-0.02498282707918905,1
363,1.0184787304869378,-0.5357117185993989,1
364,1.770592699669722,-0.1874937177648387,1
365,0.753560723859039,0.6957874927618134,0
366,0.20062307469124777,0.3661805919145684,1
367,1.3397668743886542,-0.39261611582446976,1
368,-0.5608547611593386,0.8843477187724136,0
369,0.640106559903363,1.0336703413946922,0
370,0.07708385428485166,0.6170966376896432,1
371,1.4400258827048316,-0.5769546053560565,1
372,0.5430607496433095,0.8438355751858855,0
373,-0.36091018398295566,0.8299147502448169,0
374,1.9865936501418449,0.33347832012768397,1
375,0.9921924777247274,0.9668894262762964,0
376,1.4517680585189796,-0.2643303243841701,1
377,0.42391182109055203,-0.187780145614189,1
378,2.153299176116143,0.15612202141903606,1
379,0.24735764743610988,0.695006099262031,0
380,0.7597462285769244,0.47398149378950505,0
381,0.8026347207411679,0.49279632944462587,0
382,-0.204469554509775,1.033301320369368,0
383,1.5919294176893681,-0.48357818646848705,1
384,0.9369047926163732,0.06767916881425211,0
385,-0.20048159281227157,0.46149851656373997,1
386,1.98762335303205,0.40695798617028617,1
387,0.00427549941341282,0.981731071645688,0
388,2.0101336188035805,-0.16808491857711644,1
389,1.828479302537291,0.40349246748975054,1
390,-0.6235962384951076,0.5354873290550718,0
391,-0.621098285744789,0.6333551663759882,0
392,-0.43493051716088554,0.7962786206229476,0
393,1.9668354801374102,0.47353003853862274,1
394,0.5172542109016128,-0.4511718588364758,1
395,0.1871391832136116,0.8544571423759688,0
396,-0.5662857952388594,0.7201959230614753,0
397,0.49238646477529735,0.6713050981911185,0
398,1.4411884227479717,-0.4324988241683149,1
399,1.7572923943938898,0.032387415254911,1
400,1.134388222175643,-0.16601683048221808,0
401,-0.9833267712969264,0.35644974977048016,0
402,-0.6195342422836695,0.5337319102351749,0
403,0.4066984890304122,0.8568081608653264,0
404,-0.43135172044624565,1.0139786583630557,0
405,1.5817613140208124,-0.21033030005088058,1
406,0.9015031249678311,0.3092500059427556,0
407,-0.057126867682792404,0.47733464926211117,1
408,0.005425349843507565,0.9832696084709511,0
409,0.5891536437694493,0.7828273380590852,0
410,0.5482249663090986,-0.2387208605936555,1
411,1.4155697066386748,-0.43697303979402813,1
412,1.0619783676517858,0.612974400403979,0
413,-0.7948745833222588,0.27179464652442303,0
414,0.8136068361181792,0.21052426240842925,0
415,0.1412347619299827,0.7741678327415514,0
416,1.1971670291797882,-0.3709734831667235,1
417,1.6664897498995348,-0.6238285186744095,1
418,-0.2163243858714185,0.17672922664145602,1
419,1.819076906858791,-0.21762191251284446,1
420,1.7803441987348272,-0.08704941698207412,1
421,-0.047811621311636965,0.9228011716920177,0
422,1.7055247696832478,-0.42582022209495085,1
423,-1.0720033928867365,0.15776825085680243,0
424,0.4374541795461501,0.6011600056025346,0
425,0.7186992281116868,0.5242395941735382,0
426,-0.44718536292007227,0.8370255687903844,0
427,0.8295159367956005,-0.693265464745275,1
428,0.5910522927133333,0.3440335892351151,0
429,-1.1700346185986046,0.03351966464755875,0
430,0.5213533097027013,0.75000579321385,0
431,1.8060569629773546,0.2884861282530148,1
432,-0.4812884105957323,0.7862859573943641,0
433,-0.6936631949905444,0.8037910410859412,0
434,0.5698116467611987,1.2093697810611332,0
435,-1.1891906979065008,-0.17348213718767144,0
436,1.6118992868535422,-0.2148016976485312,1
437,1.9766416541563827,0.7410439949628043,1
438,0.27326571084028417,0.31698825108503437,1
439,0.38189825007296674,0.7612077857228376,0
440,-0.11808061157660288,0.19462357508071582,1
441,0.17208055357456745,-0.36413681462881964,1
442,1.9350680958376936,0.616487463990517,1
443,0.9215572203007021,-0.08872209219617112,0
444,1.8747041568797793,0.19218419231443967,1
445,1.9001208067965565,-0.21632461767744007,1
446,-0.7170549024200417,0.7886627885197625,0
447,0.08433043531930665,0.3885542740083014,1
448,0.9013037944125325,0.1573143040396297,0
449,-0.09996492582834224,1.0700529453272316,0
450,-0.6553080135593629,0.8212387621926303,0
451,0.6306123846158733,-0.5137001392895597,1
452,1.1025312260187725,0.3292716315125938,0
453,-0.10710754540694781,0.9687407484500221,0
454,0.0816646970602524,0.20093385981180692,1
455,0.940689749960555,-0.7752983116234631,1
456,0.6738556206630866,0.6113682861769818,0
457,-0.7645399734086438,0.7256613111919819,0
458,-1.184681673790178,0.5407630135443101,0
459,1.4592807432462165,-0.1868234706875555,1
460,-0.851598444418083,0.45828937028855543,0
461,-0.032364810232402896,-0.2033628108308838,1
462,1.6310665329151353,-0.3302302655428517,1
463,0.139721884515225,0.10248757642879669,1
464,0.3523054574380502,0.958081915550745,0
465,-1.1241647152826124,0.2687897966293065,0
466,0.8660512468646522,-0.454820903092918,1
467,1.892667384297026,0.3754146854282566,1
468,1.727947213551582,0.13348569730064735,1
469,0.5352781347373518,0.6563878828088332,0
470,-0.9971243257104151,0.22836848852338848,0
471,-1.0921799017790619,0.6106723610650718,0
472,0.45491090785418825,-0.3494398781169731,1
473,0.36192746976194967,0.6738687670284079,0
474,0.5200614882362853,-0.4481245920155731,1
475,0.6291756413851224,-0.28915587042795154,1
476,1.395438327838542,-0.3134641629881153,1
477,-0.40922905657941455,1.0942653905200501,0
478,1.2299431652181483,-0.3596283915736451,1
479,-0.7954041479604326,0.48126841379281976,0
480,0.053708291810315195,1.0166173797231242,0
481,-0.09622954890554618,1.1757392727604832,0
482,-0.7676292931551649,0.22175826482003308,0
483,-0.9936451075000902,0.09003256386989666,0
484,1.4288907457328486,-0.22750664057080613,1
485,0.7185833116684367,0.8094259503363793,0
486,0.39101798994438686,0.9720723492299321,0
487,-0.06158209440031062,1.170647751554477,0
488,-0.22807817103622188,0.6886515823923516,0
489,-1.0018897175462453,-0.08261897515706637,0
490,-0.9581170579723075,0.4341455468791955,0
491,-0.9841471750494253,0.06258241244145638,0
492,1.031223019439559,0.16438118616525924,0
493,-0.003684728702395992,0.3149302956979604,1
494,0.9309448883489243,0.22166421113540724,0
495,-0.14091198006708794,1.3099479070363182,0
496,0.8833753159535966,-0.5189229270489335,1
497,2.0409102580551832,0.08525159254894854,1
498,0.7584499816282794,0.9612032589970531,0
499,-0.4103184249719317,1.0054778552825865,0
500,-0.34074387355557767,0.6360743646110905,0
501,0.29884005073416653,0.021996927955624357,1
502,-0.24245604437005788,1.0384570073992772,0
503,-0.4709990175227605,1.0203345505907875,0
504,0.20557001001869057,1.0685884114464046,0
505,1.4044362773409838,-0.19865688920502622,1
506,1.6976307968014321,0.5451800647661637,1
507,-0.5827233665730985,0.6993252798391152,0
508,-0.9537566880775395,0.46895585765719894,0
509,1.100912426450682,-0.6343194372037215,1
510,1.4172822464259704,-0.3558460454249454,1
511,-0.05571424079305466,1.159906887028364,0
512,-0.3137995959330316,0.6348454714031314,0
513,1.2618150081011872,-0.5387468897177711,1
514,1.4876034385730394,-0.4404171064959256,1
515,-0.6582560314514055,0.09550415872543333,0
516,1.9779528285918477,0.07889999493953923,1
517,0.16734110460964569,-0.5663429537030045,1
518,-0.8935755655988213,0.3235027074042379,0
519,0.9177096863890701,-0.03529173524743832,0
520,-0.7485190864961473,0.5739117394219962,0
521,-0.8036117917689911,0.36046364901517713,0
522,-0.5344364803126516,0.7265793708596986,0
523,-0.001056357682463871,-0.22074454911667596,1
524,0.5445201010875597,-0.09721269033858916,1
525,-0.520108931814938,0.6331578954442953,0
526,0.22277249849068742,-0.2352072511405714,1
527,-0.4438008738528145,1.0481259778404213,0
528,0.7698015628594678,0.7127454202801203,0
529,0.6000144916217489,0.7583826204050325,0
530,2.170527202962022,0.19654873983529408,1
531,0.9056771835196805,-0.6925647214701325,1
532,0.2983000972756074,1.1193118448797181,0
533,-0.2909799772654379,1.0295589028780416,0
534,1.1555640825129236,0.16291177263988085,0
535,0.9149221629267374,0.6589776979525691,0
536,-1.0651460367818673,0.4735497676995254,0
537,0.6226993986405804,0.7430348269503473,0
538,1.9567001124105836,0.27357323214427937,1
539,0.17591648152041353,-0.3385414127214063,1
540,1.9070569716784427,0.29870422099363325,1
541,-0.29197841255577184,0.9721002163793406,0
542,1.13475573387525,-0.5227558773447067,1
543,-0.06368160820661341,1.2166196867441936,0
544,0.7717265802465849,-0.5989779360177694,1
545,0.8368575808752845,0.08790949456195188,0
546,-0.07591185411337392,-0.1613370902537015,1
547,0.971294424140374,0.16582473576681012,0
548,0.18092646574418272,0.27629808946191275,1
549,0.15671556341091658,-0.3009100747075389,1
550,1.5074185846858568,-0.4020998410817703,1
551,0.9151337516171778,-0.5978704204035266,1
552,1.093614805811542,0.43269593472763807,0
553,1.8178781177700756,-0.10828390828216662,1
554,0.32062471698789063,-0.32639254370844184,1
555,0.49203758750129445,-0.06970093953928214,1
556,1.7865933341732054,-0.4344721409637493,1
557,0.8425403068715742,-0.39136602497772943,1
558,1.4297250283873515,-0.5499620190907956,1
559,1.4312342160551303,-0.458429166009814,1
560,-0.9343465280974678,0.3875113736677168,0
561,1.6674781834047203,0.13428875921813738,1
562,0.36072694658531446,-0.44090962258456273,1
563,1.005805280214849,-0.7037718812440172,1
564,2.038776983634008,0.073032982264922,1
565,0.13000361153961754,0.4139254704092879,1
566,1.4874497900083734,0.09156953392466222,1
567,0.8788117606516691,0.4636852073022027,0
568,0.5152160773410647,-0.20738217849018004,1
569,-0.048427157184452826,0.10454057164370675,1
570,-0.5726634304134617,0.8661359498987967,0
571,0.9530321779014589,-0.4115822580209596,1
572,1.967254741228023,-0.1361475454766746,1
573,2.0120845908342018,0.26008995753793174,1
574,0.4381804592233295,0.8898362107320397,0
575,1.8121950540509484,0.04332279065133718,1
576,1.2364337331969157,0.22061716568276962,0
577,0.3165194196243754,-0.219132591284047,1
578,1.343188690488383,-0.6981297478961935,1
579,1.9239100308966872,0.1666146424949093,1
580,2.056726264481728,-0.23304371069735927,1
581,-1.4572289295252876,0.08643459158772461,0
582,-0.7204479768696443,0.6664274675745887,0
583,0.7796414611913939,0.4052771282679667,0
584,-1.116017800422909,0.5286687405467241,0
585,2.0867741649358145,0.08686626883459504,1
586,1.1298488704618335,-0.42208638420730454,1
587,0.7580420573689818,0.6038182044182432,0
588,1.400063152268091,-0.45807163554608166,1
589,0.3950262385142685,0.15958846791257036,1
590,0.8007583519588918,-0.32930411772021206,1
591,0.9484004437378539,0.19990252500871,0
592,-0.900967242777834,0.35035736645215293,0
593,0.3583127514386356,0.6784353004954475,0
594,2.1519823243356555,0.32340173184221466,1
595,0.7346924748908803,-0.2794827408024046,1
596,0.8757016969593969,-0.5153216064197244,1
597,-1.003336134677897,0.3016721737523702,0
598,-1.0899884672904963,-0.12430939723069045,0
599,0.9898881276358593,-0.5162040112059064,1
600,0.26758301285222474,-0.2515299396761514,1
601,0.8919300299247742,0.19496049177261243,0
602,1.0340996309856667,-0.8449903931572329,1
603,0.30499010147123595,-0.3344969179440257,1
604,1.3708648646230954,-0.1686430139681292,1
605,1.9506911905164026,-0.4294218225985504,1
606,-0.32424439138836,1.1388136850501662,0
607,1.80946784305084,-0.4599843521940902,1
608,1.0193077535376367,-0.38696760243704376,1
609,0.021691269156442823,0.9201106936551646,0
610,1.6752291918556272,-0.3552241947541727,1
611,-0.2719483242859746,0.49398498383603723,1
612,-1.0775991662538926,0.6099461581983958,0
613,-0.07565984743710313,1.0406121463878903,0
614,1.0799365140055484,0.6337052890830315,0
615,0.3511035362763813,-0.20816652764760418,1
616,1.6627489954657961,-0.02890984801437175,1
617,0.9279833905265594,-0.7123413939139082,1
618,1.9289380733790038,0.17353781634703913,1
619,-1.1946705745572186,0.10347231673275864,0
620,-0.07079386309031492,0.4225626519754889,1
621,-0.6135840032580309,0.4995061183828673,0
622,1.0089863235639,0.193166259776926,0
623,-0.7543284628849012,0.7156353073949066,0
624,0.17798181022779153,1.1512231822660475,0
625,0.9544923881008858,-0.21198732534062978,0
626,-0.8339741992965894,0.3349703941679105,0
627,2.0031972627187966,0.46499742068842537,1
628,0.7041066774464265,0.5586728173818793,0
629,-0.6891087318035923,0.7577996197781515,0
630,0.9742376925576293,-0.41939778867770244,1
631,-0.8309767280190343,0.1730802691891711,0
632,0.17799697819059956,-0.06063766962551563,1
633,1.28426124811102,-0.554122783680675,1
634,0.5950183489731502,0.5769898659246193,0
635,-0.013023584074158864,1.1625661755227945,0
636,0.8719198326125136,0.48622654759691636,0
637,0.13230323511739756,0.2589897405545044,1
638,0.012515711160576919,0.35940973576933777,1
639,0.2924482097648121,-0.4960686865492607,1
640,1.2937442984761767,-0.33177126169576565,1
641,1.0035978783300827,0.08443204377016614,0
642,1.7973500417428716,0.4003558838433519,1
643,0.9017306942423472,-0.5820935730155707,1
644,1.0231258676470647,0.06563360502167581,1
645,0.2054877047547212,0.16032666203058454,1
646,0.15720711982914115,1.082545282948774,0
647,0.5733475913093836,0.9596425617576938,0
648,0.1720006928337583,0.996834030962435,0
649,-0.5778729231637043,0.7576512831968697,0
650,1.4162090540020755,-0.23389792019933686,1
651,1.929909385537603,-0.2758753751234328,1
652,-0.19466596054301175,0.8646313846837432,0
653,0.5670811557821608,1.023850355240499,0
654,0.16784811264159719,0.3620291120808405,1
655,0.8801552528856758,0.5301963767082281,0
656,1.1906628909464736,-0.24390983147880602,1
657,0.7110160479914267,-0.3902421219875305,1
658,0.2584376051368226,-0.1277148156440808,1
659,0.3301106877288128,0.9931602599218602,0
660,-0.039643674501739674,0.1988561130025497,1
661,-0.3870406550932821,0.8403864650933393,0
662,-0.7921847968727851,0.7363199510793631,0
663,0.17328929654778377,-0.35904751857658845,1
664,1.9014199376956014,0.12791750709873848,1
665,-0.08779412372022177,0.1934615493599651,1
666,0.49608168950250237,-0.13735724555404663,1
667,-0.1951336680517785,0.8701683005474892,0
668,-1.3322892767603773,0.4057115835731957,0
669,-0.12121342850005228,0.751922736979213,0
670,1.9014737051144335,0.08129190453331896,1
671,0.6018752374603377,0.7649185779241262,0
672,2.007766897508578,0.49272665604897575,1
673,-0.8119878107917836,0.974732963855329,0
674,0.8618853858355243,-0.38185428507082164,1
675,0.12369255938365735,0.7166415509969347,0
676,0.8603880909321558,-0.20232770570366754,1
677,0.5732728785344736,0.3291262250104914,0
678,1.585768802935466,-0.477906623351095,1
679,-0.17577667298069036,0.8375232711562468,0
680,-0.9008270153445853,0.5994813314434508,0
681,-0.2968632031725745,0.9515653871525611,0
682,0.23463697847305454,1.0857479009997424,0
683,-0.7470250186349754,0.9590254608824978,0
684,0.3362049005931562,1.1908430392388363,0
685,0.15361995714842425,0.8718082695483723,0
686,0.7522305361203756,-0.6387141856901043,1
687,1.9983312401288282,0.23930289036771218,1
688,1.8029129568971822,0.19137012735714867,1
689,0.09220096696348512,0.9535990842785227,0
690,-0.4315536783158818,0.7123593086242405,0
691,2.1058500976707344,0.19137271990309984,1
692,1.6698049232849224,-0.5174494225308289,1
693,0.9035701233918709,0.12966273928116337,0
694,1.8769264211058678,0.13939067391161025,1
695,1.1385162958490516,-0.5268115321349865,1
696,0.10677966894232548,0.38115827222066345,1
697,0.9204912553588976,0.6504082248200149,0
698,1.8167738124625028,-0.11103926958688584,1
699,-0.5430070554680431,0.8658216761037973,0
700,0.46108125161713764,0.7689933575909953,0
701,1.1553109605085767,0.023963263675007927,0
702,1.823282099976617,-0.01613739939357922,1
703,0.37817748046583627,0.6693062307452249,0
704,-0.8778740939124501,0.5222396755088125,0
705,0.9492965334062393,0.31473250652269047,0
706,0.7256008179790414,0.5935582169710644,0
707,0.12813402941189472,0.9591255711867656,0
708,0.6577243331890668,0.7713278746848277,0
709,0.6277003421457134,-0.38827343496094796,1
710,0.8213388078610764,-0.5010230564392039,1
711,0.4982238185479253,-0.6774554765054998,1
712,-0.21350348658017662,0.4145530122928072,1
713,-0.13104901296923416,0.0982504164798765,1
714,0.5685118201418639,0.6303489700354741,0
715,1.814175600116645,-0.2644071273729332,1
716,-0.8255919393022781,-0.1993385990021891,0
717,1.007491082985447,0.5127214103090093,0
718,-0.9273173830938866,0.5779320042374692,0
719,-0.9171347038513419,-0.1178183254417526,0
720,0.02574963091212623,1.133145047421029,0
721,1.145707605093008,-0.469042964281477,1
722,2.1023767092619354,0.3168669851251841,1
723,-0.028878042852336083,0.8182864717256167,0
724,0.16899106185720356,0.09468479708296304,1
725,1.6054278614436173,-0.36368295393708017,1
726,-0.8927658815676182,0.46565375704867484,0
727,0.6934197541197546,0.9556191144211902,0
728,1.644951024099114,0.28130452123927924,1
729,-0.01984529992565593,1.002301815048277,0
730,0.5837863600303806,0.9832515436960788,0
731,1.0001774582555205,0.3935516776844972,0
732,0.7176893732846539,0.7256845010832011,0
733,1.5797332343029236,-0.10193925497923276,1
734,-0.26954054959488455,0.7896259987417835,0
735,0.4479703009521716,-0.024894146907328343,1
736,1.3723489780647544,-0.2869245745112433,1
737,0.6071754077765359,0.6306350914854969,0
738,1.2095289187356628,-0.5705364447021342,1
739,-0.2919570896337218,0.7209798200136446,0
740,2.070928427455842,0.5824041192049018,1
741,1.8921162437247068,0.2674840462395443,1
742,-0.1618097293029861,1.0993492157250695,0
743,0.43907258502540647,-0.5279188396937291,1
744,-0.7141745241356076,0.38770009493746427,0
745,1.478485450325989,-0.18972097834774773,1
746,0.268594372642858,0.7873136406775378,0
747,0.08178187999714032,0.10139621560873445,1
748,0.1843402995718015,0.6317254760380718,1
749,0.1722102156755807,-0.20222741065748062,1
750,-0.6072928999945757,0.8555622627749685,0
751,1.6743686080435496,-0.4356695191361401,1
752,0.7425609060245303,0.5332919514673724,0
753,0.38386217544701773,1.0667563976508454,0
754,0.32059276692015615,0.05361837918991907,1
755,-1.03006319182008,0.023828013147469837,0
756,-0.12726657280519907,0.11556545942362403,1
757,-0.9089112907117104,0.2905742473017186,0
758,1.549481591400084,-0.25868890306560566,1
759,-0.7310358891400632,0.8414215577440747,0
760,0.5975787798368942,-0.17093859928827523,1
761,-0.31996216183222936,0.93067375681429,0
762,-1.1001461696738817,0.48375283719996215,0
763,0.16019762895066664,0.3277885915615552,1
764,-0.10854098504425438,0.8058334912381481,0
765,1.0794367483560667,-0.33553741616583876,1
766,0.2870823113509521,-0.40996159291788753,1
767,0.46641325799190725,-0.22050091834091698,1
768,-0.4707907939246907,1.0207451082995418,0
769,-0.19547371463830493,1.2634184276165585,0
770,-1.0103333154785523,0.6698360734390465,0
771,0.9073363429144229,-0.2804177058600697,1
772,0.977609352707324,0.022856773761614865,0
773,0.4932468299303895,1.0546664201022167,0
774,0.9075126194416642,-0.3751361021600694,1
775,0.3016382182994422,0.2490871075675411,1
776,-0.5308026145133875,1.0535535106708815,0
777,0.6019189133744319,-0.3693575307977769,1
778,0.18604822603055537,0.9659321572394887,0
779,-0.9455974394776928,0.18223697384856907,0
780,0.10364755266334602,-0.2067158075308064,1
781,-0.007114903945923533,0.14560166643702266,1
782,0.5183035505245835,-0.4087277867905983,1
783,0.28403261758213644,0.9645882280612413,0
784,-0.4174860631563891,0.8717247857614002,0
785,0.11972708634355159,-0.4944901875392129,1
786,-0.8775571250785861,-0.013613026515316849,0
787,0.8344471417828141,0.08338794027805235,0
788,0.9032393744548057,-0.031135146402451686,0
789,-0.5949643361742291,0.32898704470300333,0
790,0.5356170810109275,0.6013620657216988,0
791,-0.5458706217260807,0.8249139164982405,0
792,0.20421181481211953,-0.15893472425239277,1
793,0.11373241762637058,0.056454364304331095,1
794,0.9661823503281525,0.25038481723559447,0
795,1.9199732140804597,-0.12033194503472978,1
796,0.5068405061652616,0.7577929197905933,0
797,1.9317322523020088,0.35485281035825483,1
798,1.1110998960256746,0.03114316535275341,0
799,0.854869442081374,-0.39117001899083226,1
800,1.4431171326670162,-0.53686065969474,1
801,1.6480930967411431,-0.05428276646556113,1
802,0.8902525906814682,0.14782214376010402,0
803,-1.0228743255942407,0.01633317645079757,0
804,0.5268786472189011,-0.35824705747992736,1
805,-0.9954364408178891,-0.21756315760614378,0
806,1.8829043812404533,-0.14353501980841682,1
807,0.6646445889105106,0.7533309961553826,0
808,0.3849509466912732,0.08144572781955983,1
809,1.1147559251655863,-0.14245166769603118,0
810,0.31165343097869924,-0.36859238670035344,1
811,2.173843223374503,0.3278336067686792,1
812,0.30048634610607294,0.10236055060159124,1
813,-0.09483369729063384,0.8623966802495098,0
814,-1.0311401803226212,0.44089960830197217,0
815,-0.4277924184559464,0.5297553152931898,0
816,1.6964927335038362,-0.07345049172886062,1
817,0.6068395060399404,0.580879515885383,0
818,1.9444633884167055,0.016665344933914403,1
819,0.3100935886442511,0.7998768832314327,0
820,1.2873337695013052,-0.3554489143182304,1
821,-0.9013557218788298,0.6196210852326741,0
822,0.43140093476261204,0.1004637898705131,1
823,2.055097542194149,0.08651214561236445,1
824,-0.09363770607860328,0.9523195026115864,0
825,-0.7958664860238374,0.5609374729493817,0
826,0.12335492511505117,0.90245478794046,0
827,-0.5262572232295991,0.8514403760051855,0
828,0.6627190426077463,0.964441167325385,0
829,-0.42164624388788063,0.8536761269771911,0
830,-1.0046364534581456,0.11219793991707153,0
831,-0.026971819241738727,0.8984493403338669,0
832,1.7309696208222989,-0.45753671234287074,1
833,1.4337784812163863,-0.18516063934333338,1
834,-1.1523508729775702,0.1601387137118853,0
835,1.491977177777212,-0.4535893767362398,1
836,1.255926643662251,-0.40116292305142903,1
837,0.6893763031499149,0.5240632403359783,0
838,1.9551993678401258,0.15245875869386463,1
839,-0.948677453424186,0.968559343355345,0
840,1.7187642575064883,-0.14390842959989072,1
841,-0.8226621187376807,0.6462927750691276,0
842,1.6443641950261298,0.11846562935086413,1
843,1.4746320744857129,-0.18723597820657836,1
844,1.1478912996101132,-0.7383944108659326,1
845,2.0675507438238605,0.6409009112225198,1
846,0.5148029015879684,-0.3482135730796151,1
847,1.6947114446720737,-0.2565215345096238,1
848,-0.40478095615955173,0.7411749106874208,0
849,-0.48329537900456254,0.7957660315588232,0
850,-1.0180350883020235,0.192093772981096,0
851,-0.1309663374241512,0.8840842478878843,0
852,1.269908719640551,-0.49832717032828755,1
853,-0.39654360173279013,0.7535352004955761,0
854,0.39817724645270747,0.9184005434125949,0
855,-0.7052309869144625,0.7318545486531716,0
856,0.14965331381705094,0.2600030105747909,1
857,1.6442184869804042,0.21766400526125312,1
858,-0.3136707021033796,0.6868989612108276,0
859,0.8485433176161574,-0.631964236229153,1
860,1.1861581937096823,-0.5815886784433977,1
861,0.984403913333953,-0.21783972897450032,0
862,2.0083046728462137,0.34812659588517114,1
863,-0.050530317615759046,-0.0474343225244405,1
864,1.8282071117118852,-0.34387102036626316,1
865,1.5507363388044102,-0.36832530957029447,1
866,0.48403964927054777,0.589686140821161,0
867,0.4757511746504855,-0.27641978154142494,1
868,0.30748224730234247,-0.2576240487639385,1
869,1.105349923073574,-0.45159808443845034,1
870,0.7712951994881685,0.7128291278495125,0
871,1.0031559463123882,0.4890828171998176,0
872,0.6217231570557714,-0.46357798219867363,1
873,-0.5894013653795648,0.9955907585673208,0
874,0.829143414217435,0.5320736851015506,0
875,1.913077758038825,0.05408890259908633,1
876,0.4236162674242906,-0.1815508878911476,1
877,-0.6368105785911343,0.7005150517998762,0
878,-0.6657598372178712,0.5564510795386524,0
879,-0.9236799454758647,0.4044260281808902,0
880,0.11763130838905964,0.9676411845443507,0
881,0.9169353051758589,0.08286575441014951,0
882,-0.9703529307092471,0.2512590926741385,0
883,0.17448926590494568,0.9131743010216768,0
884,0.8836881291358006,0.6043048992658555,0
885,0.5621527183015468,-0.14232022898204677,1
886,1.5004653435668096,-0.14570078132592484,1
887,-0.9482841720991411,0.5659565469792293,0
888,-0.3263180921112987,1.235382025960969,0
889,0.5919391606540014,-0.4463531294885005,1
890,-0.12468875989161254,0.9936296014840812,0
891,0.7002990338136695,-0.629638064301417,1
892,-0.9160664416546802,0.9035290479266921,0
893,2.029045462661383,0.0982193857625298,1
894,1.6883026983053082,-0.31866146914399357,1
895,0.6858394479820191,0.7451688821988094,0
896,0.2513336571215302,0.9049814236797717,0
897,0.940104525346683,0.31414874296167666,0
898,1.0374708599165938,-0.573991565888043,1
899,0.21487384647230118,-0.02923190177432533,1
900,-0.7003377481110795,0.8905538324966883,0
901,-0.06237450369151047,0.8977427315308321,0
902,-0.8298621729430196,0.31780109913317306,0
903,-1.2172100039828537,0.38695701398380167,0
904,1.186561030443235,-0.5117977351785331,1
905,1.616771299654056,-0.3345186733695605,1
906,-0.6783170233317551,0.8323741839485281,0
907,0.4325736202435857,-0.6067498526651561,1
908,0.19089948239785215,-0.032734562129254435,1
909,0.18405145482781887,0.9693115992316628,0
910,0.15290446799214635,0.9793056892816354,0
911,2.019981333625293,0.2308691223648375,1
912,-0.8122412128481333,0.522376284132422,0
913,0.7424649646447894,-0.37166772609875576,1
914,-1.0720241762489193,-0.03335540346724578,0
915,-0.8655611892223785,0.5484676957160303,0
916,0.27459266795896115,1.1177097542120356,0
917,0.01820947025632945,0.029672467439729393,1
918,2.0352204377994996,0.3392411305016692,1
919,0.7972920120029442,-0.28132886191298656,1
920,0.8830202624664927,-0.3678693148641168,1
921,1.617802131910978,-0.41465566147611743,1
922,0.7844215311514098,0.3107190952836526,0
923,0.49705672343837687,0.9993463618074298,0
924,0.22968802391668836,-0.17836449486050635,1
925,-1.2508983121275692,0.4024852025866144,0
926,-0.09981745341559287,0.2012708800675596,1
927,-0.3841865475396321,0.9034940668169276,0
928,0.6999104221730275,-0.4988137671195811,1
929,0.7713104202075926,-0.5943317476290002,1
930,0.680117983921209,0.946423631532138,0
931,1.137450016973392,0.13228630653937143,0
932,0.7574982312482569,-0.2643207105789963,1
933,-0.1860597284743109,1.1357660102665967,0
934,0.37274110774393565,0.8875459723253168,0
935,0.4693937054551995,0.12210656567771894,1
936,-0.18560762978058054,0.2955829817392974,1
937,-0.16827801830830047,1.0313348194814733,0
938,0.35837135010463206,-0.3020330775331016,1
939,-0.6911297552511882,0.8221148521325722,0
940,0.9414861876237678,0.48408127089346537,0
941,1.0829893161012443,-0.5429867709339479,1
942,0.8224994801900574,0.8708239652242683,0
943,1.6066811552353482,-0.27828028976873,1
944,0.3807717271941761,0.6431397197285105,0
945,1.3398780159195214,-0.4238599876667015,1
946,-0.4482620244576804,0.7760418404567535,0
947,0.17794077965959695,-0.0545742874448902,1
948,0.4795862217971334,1.1583135622649028,0
949,1.341852789427575,-0.5200607649183367,1
950,0.8738301904830058,0.518204898513382,0
951,0.7733206946205949,0.9397276087718592,0
952,-0.7618007774876419,0.1391189964637195,0
953,1.1398439414050963,0.04852991229245379,0
954,0.8722209484683907,0.022730264158499186,0
955,-0.6193095402195903,0.7601877540519043,0
956,1.029734305370572,0.5920250311984826,0
957,1.6748485115871063,-0.06474056467615547,1
958,0.5958679753248831,0.11781892270877892,1
959,1.8634158631132018,-0.12093697756580435,1
960,0.13217970603492185,0.13527918599513192,1
961,-0.08621171787956654,0.7208706712227628,1
962,-0.8484305697628828,0.29216622583883056,0
963,0.6393381563962545,1.0352350991308128,0
964,1.4531405794653476,-0.0815583798574567,1
965,-0.051418397709009744,0.16132136234386982,1
966,0.07654315194792519,0.19845038854967145,1
967,0.4409355732437351,-0.156805119380036,1
968,0.37597153332440686,0.9223821326050574,0
969,1.7977830395688843,-0.10845632800622884,1
970,0.5147621366101908,-0.4062283923302614,1
971,0.4558809180866034,0.841397519835156,0
972,0.9954717731910849,0.13860094130268047,0
973,1.6606633619102924,-0.2429783871569566,1
974,0.21055567971012876,0.031229685605602797,1
975,0.25910172731275294,0.2127521759894696,1
976,0.08574405335624326,0.26261517255620526,1
977,0.32378259400763665,0.43133394779037826,1
978,0.7612972125361208,0.6479680507953837,0
979,0.1960432185636316,1.0837262760016462,0
980,1.9360169004803933,0.056707853528834354,1
981,0.2833237328162787,1.12553595995586,0
982,0.4956625246696218,-0.10776208957799538,1
983,1.8455063417975692,0.013993692043339057,1
984,0.21874802712151997,0.23194420389481893,1
985,0.48037240555305416,-0.3912780366501634,1
986,-0.935985950463284,-0.07198346434183014,0
987,0.2908628272418968,1.2004645450909672,0
988,0.9927918931658573,0.3961730934469704,0
989,0.10932763916928512,0.8240128106304,0
990,1.2664552823127995,-0.5399025158217684,1
991,0.06711325307843319,0.06971733462252513,1
992,0.9045899774269902,-0.36004676152564985,1
993,-0.07223202230394984,0.13800512649670577,1
994,0.9596972892390174,0.650665863548148,0
995,1.106379152356653,0.15052573936037575,0
996,0.8830232088265368,0.1774641084365041,0
997,1.7776417113164111,0.3716272400216202,1
998,-0.2381220376151911,1.0669997594972802,0
999,1.2139935220454041,-0.4349018981073495,1
1000,0.8874829859872296,0.036472871016354116,0
1001,-0.7846995751919963,0.2242880864964247,0
1002,0.2229766703148557,0.21100752602369574,1
1003,-0.13832535555116066,1.1385119207849719,0
1004,0.02212860134977653,0.4776926108566315,1
1005,-0.8821148199693405,0.4407864230987847,0
1006,-0.7679477447151088,0.4572519780026436,0
1007,0.15250487659135614,0.10055203867240875,1
1008,1.806435016045096,-0.11357369695924296,1
1009,1.1887672013065387,0.08338577643515034,0
1010,0.592994558286266,0.6694906621831592,0
1011,0.03768395879007061,-0.2856275358492716,1
1012,1.113234477901535,-0.3030902780986505,1
1013,-0.7690924126966954,1.0101840103348436,0
1014,-0.03606567538525205,0.3684973098032042,1
1015,0.3501742915285334,0.9880797402439158,0
1016,1.8276374285307555,0.3177797207550659,1
1017,0.03592833709042882,0.31640463208932873,1
1018,1.2551706279685022,-0.47477881374681485,1
1019,1.162312540760238,0.4645136308201738,0
1020,2.0733661357507494,-0.1882693173394401,1
1021,0.2137318957015116,0.9684337927523204,0
1022,-0.5729998141424472,0.9452280416009397,0
1023,2.1566127593972277,0.3979279416323725,1
1024,0.6492973481947169,-0.6352093182322422,1
1025,-0.09683712952289718,1.083907686447626,0
1026,1.2124957481101142,0.47479187884875784,0
1027,1.48671834062985,-0.4261853385939415,1
1028,0.9934175517701234,0.6137915261218024,0
1029,1.806379344447992,-0.35991609003098035,1
1030,0.008490912955873835,1.2247028076165605,0
1031,1.4681448326475568,-0.6477169694481785,1
1032,0.8177700905939687,-0.25440327593925616,1
1033,0.49363652359749555,0.8949732443157387,0
1034,1.5310381764950556,-0.2405881060609872,1
1035,-0.6940224619760285,0.6386704408647892,0
1036,1.986019817391592,0.2931613647838277,1
1037,0.32016883923654554,0.8795769030320937,0
1038,2.041735432962079,0.3917467224858767,1
1039,0.28461914548312595,-0.3619449742161819,1
1040,0.7211602180338472,-0.23930366988364643,1
1041,0.6994266966483701,0.5873726485437294,0
1042,0.7069447382795946,0.4151832988581034,0
1043,-0.022138543490230766,0.6033540599821866,1
1044,0.5841685377674354,0.8122675725471744,0
1045,-0.9128818930879584,0.07876514086860766,0
1046,1.7000237222277252,-0.12260759817687905,1
1047,0.02896107285120539,0.08152260995996184,1
1048,1.4264200901186517,-0.0938909047411697,1
1049,-0.09861632792689504,0.9815222884618426,0
1050,0.5585751981925106,0.9388217218571298,0
1051,2.20480197380958,0.12092766233566773,1
1052,0.12830611131462144,0.8331033878178821,0
1053,-0.8992014763070457,0.3279882568215568,0
1054,1.660057083432911,-0.5247176097097818,1
1055,0.3260530444507763,-0.20408917190165046,1
1056,0.2209807865213562,0.6892874558809814,0
1057,-0.09835293784566862,-0.04759196330008669,1
1058,0.08585349595846042,1.0146730271315547,0
1059,1.052246478254819,0.08353342205408779,0
1060,-0.7804902270470715,0.4615659081499327,0
1061,0.2921590070091379,0.8868752119378892,0
1062,0.187746019196259,-0.09200862489372116,1
1063,1.3106432601613645,-0.2098953593443011,1
1064,1.1424966630493167,-0.5645405083877586,1
1065,-1.1395665456977182,0.24041943170133281,0
1066,0.8748211667221887,-0.027713952629274993,0
1067,-0.45080610772105806,0.5303877706619413,0
1068,0.03991658264245246,1.2295119109299328,0
1069,-0.19449950422287327,1.174819206888322,0
1070,1.347755304546157,-0.15219987733894152,1
1071,0.24762896386100083,-0.489587929340497,1
1072,0.954850673461951,-0.40469326212632106,1
1073,-0.47594295869659337,0.7977338484940796,0
1074,-0.7795262384711256,0.7090925172320398,0
1075,0.5940507268641357,0.8873709003775031,0
1076,0.3028162408152095,0.1695277854702283,1
1077,1.8279903001357316,-0.14803814037618768,1
1078,0.27729971140709136,0.6713649735872078,1
1079,1.8012927557756158,0.44060408323606726,1
1080,1.305489588631097,-0.48033566124529886,1
1081,1.8081965312916304,0.09463445925035693,1
1082,-0.2526848990195952,0.9745430178950288,0
1083,-0.6159103789676721,0.296954285970312,0
1084,0.2922179811863266,1.0221605715094797,0
1085,0.6914485679888988,1.1256825477298837,0
1086,0.9079402860379824,0.2451775620095869,0
1087,0.43854795656328294,0.6225678814148915,0
1088,0.7645088072881326,-0.07910002720900167,1
1089,1.0250570885560457,-0.0015405471620758698,0
1090,1.2241609473256596,-0.44335473706475037,1
1091,2.3325030262539443,0.2448483438627152,1
1092,0.24181996299063008,-0.47461153328991895,1
1093,1.4227793147457317,-0.26001374878506683,1
1094,-0.9674171588972726,-0.005633080404603474,0
1095,1.0060650753652725,-0.5440059701503523,1
1096,0.1004031963169899,0.9017820967365806,0
1097,0.6082670628102828,-0.4865818173642237,1
1098,-0.7608778373977387,0.1090041530484738,0
1099,0.8456983191326611,0.3694149167910048,0
1100,1.4393107313136555,-0.21947648663632136,1
1101,1.4353163844357633,-0.32484897682573055,1
1102,0.009069345679876018,0.2808468161979455,1
1103,0.05904493399737422,0.9901443399026126,0
1104,0.9915510492918591,-0.10433688916366352,1
1105,1.0602440539569666,-0.3428076608616294,1
1106,0.42041587651385004,1.2860054510348549,0
1107,-0.26441453126848397,0.29400413275730264,1
1108,-0.9742103475976592,0.5715968332503902,0
1109,-0.3762260591590017,0.7257189850598936,0
1110,-0.047201696205694255,1.1681016324490694,0
1111,0.7700194059116552,-0.390218759426747,1
1112,2.0981746863470843,0.3563961810675917,1
1113,-0.1737822794021773,0.6239695210536211,1
1114,0.35464277304794606,0.14131812561506393,1
1115,0.8958350814907401,0.061481128087089915,0
1116,1.3970522267187846,-0.45288666850876846,1
1117,1.4509859278151018,-0.4886908032381063,1
1118,-0.04821529977499292,-0.15634298313371947,1
1119,-0.8123677923847535,0.7165899134466597,0
1120,0.569786189819469,-0.30137723260490834,1
1121,0.9910833529177784,0.5973130940520904,0
1122,1.6980555428673019,0.02152388705763164,1
1123,0.4792641108904257,-0.11266487329425355,1
1124,0.18485587267156953,1.0541959477099119,0
1125,-0.577281502654493,0.8668811904423677,0
1126,0.7825837257660554,0.36125822838363014,0
1127,1.5141338247910894,-0.08269667871794162,1
1128,-0.1260956418052388,1.0998160859562665,0
1129,0.14549232937874784,-0.26991884139335054,1
1130,-0.8613266115758951,0.3334941534601185,0
1131,-0.7730425292906479,0.8705898584403833,0
1132,1.0426546644621264,-0.6262472696827523,1
1133,0.604562077275818,-0.3829398574840676,1
1134,0.7403513107164017,-0.5328255812324635,1
1135,0.3833604783939853,0.9730586875786538,0
1136,0.2774471504640028,-0.16150993204963152,1
1137,-0.6580583424263805,0.5208878698529589,0
1138,-1.1070002160495542,0.24431088759372616,0
1139,2.2563020406520433,0.45169362922900136,1
1140,-0.033284037376232506,0.1194647864737145,1
1141,1.7022835777283696,-0.049736900807243745,1
1142,0.8426515086757094,-0.7825079584692536,1
1143,-0.5417626047633257,0.7571938736434406,0
1144,0.8381145503573406,0.13614438961087308,0
1145,0.6139062855273862,0.5173615735521617,0
1146,0.8337651934232415,0.15717565891848423,0
1147,0.1950669614460545,0.7776340134922282,0
1148,0.698154004674409,0.6268442405011622,0
1149,0.8388929306558639,-0.6634727644528573,1
1150,0.007679012736593938,1.1048918133470205,0
1151,0.172832806844705,1.2534611746895532,0
1152,1.8424087823848243,0.42224814734180927,1
1153,0.5284394929636929,-0.3978242821659039,1
1154,1.6208652213017574,-0.317579786274864,1
1155,0.650432837527087,0.000742475030877654,1
1156,1.0054691922809622,0.40139533571738245,0
1157,0.4175475435657009,-0.051487595163797556,1
1158,0.6867168942870423,0.544853697868667,0
1159,-0.23055630797909726,0.533791902950087,1
1160,0.32360236480196863,0.23976620100723442,1
1161,1.1288791193316878,-0.4737923638535551,1
1162,0.7118633601511288,-0.7359564691377454,1
1163,0.13458721985079608,1.0873479651623699,0
1164,-0.040295204608665425,1.0849454999226704,0
1165,0.18041107751626298,-0.22113710066045247,1
1166,0.6894789268999199,1.0124701597648047,0
1167,0.692772240849822,0.5673717276315573,0
1168,0.160052360909255,0.9536526159871868,0
1169,-0.16251833920862094,0.8903038971220307,0
1170,1.2438974102806934,-0.5385538806434269,1
1171,-0.5785314723751123,0.6651141450046957,0
1172,0.3622458612903317,-0.2622217430697827,1
1173,0.33460968608879893,1.2767458769913365,0
1174,0.7556681585510343,-0.6177000125686473,1
1175,1.0007242978404047,-0.5338702097483417,1
1176,0.1761201344200417,0.8710281933221087,0
1177,-0.725293222904198,0.5530104514760144,0
1178,-0.1655738350443807,0.7029838703318279,0
1179,-0.80643282212189,0.2916490638648414,0
1180,-0.03784950641805551,0.32267483166299316,1
1181,1.54173872297082,0.0010018069322513534,1
1182,-0.7412213013328157,0.6638658924860754,0
1183,0.5948493495999289,-0.6877184427451373,1
1184,1.9459347085284777,0.11061454211608147,1
1185,1.866032919366771,0.19083572897358048,1
1186,-0.13935801796587802,0.45047044467445757,1
1187,0.41936249320823904,-0.39395833104727807,1
1188,0.6698768305054608,-0.5039067198553379,1
1189,-0.5941596996661114,0.8369670208928178,0
1190,1.9611027381904047,-0.053392505347440444,1
1191,-0.322229508702085,0.7962887568916797,0
1192,0.5109635476541176,-0.5554349824381792,1
1193,1.4818845065150006,-0.4019200262883131,1
1194,-1.0034377548497477,0.500181321336633,0
1195,-0.9527919170145787,1.0345384590752789,0
1196,0.9535250192162886,0.4365454951870037,0
1197,-0.5524256716314038,0.6813840266106421,0
1198,-0.922894954392665,-0.029329796767354754,0
1199,1.6373835517893487,-0.024116110957551964,1
1200,-0.03868347679703458,0.04103257253033071,1
1201,1.705113489424206,0.25170362313313666,1
1202,-0.5150592204548727,0.9730742009887574,0
1203,-1.1796862958595755,0.5662641368785889,0
1204,0.7002145257369464,-0.29458550632872976,1
1205,0.9363800111547023,0.17086392758817148,0
1206,1.0223426937865678,-0.1028879756326272,0
1207,0.6687096925936752,-0.5468515337222946,1
1208,0.7572724701917084,0.1518621018427842,0
1209,1.1615951644122555,0.19379105233481658,0
1210,-0.6727273537674593,0.4778573536674509,0
1211,1.0618551846815518,0.3873127501284225,0
1212,1.8691150356959603,-0.17027307909771933,1
1213,-0.14562242447091558,0.11943356267007449,1
1214,1.5741928991351835,-0.32390852798194825,1
1215,0.06489521978699626,0.013567978220168642,1
1216,1.9625641474355193,0.33678007443277586,1
1217,0.7959970836759258,-0.4618271713589106,1
1218,0.2040551011911275,-0.06312835125770244,1
1219,-0.26123239910335805,0.06303332624098193,1
1220,2.303601458208534,0.3392181639733918,1
1221,1.5444764707689023,-0.24719748356822302,1
1222,0.0387517334519603,0.06355529081421743,1
1223,0.7156216686437684,0.8581190678366982,0
1224,0.4350152803357562,-0.4468891659415425,1
1225,0.13377293777006283,0.3315406661337512,1
1226,0.16771615415233626,0.3612088652489562,1
1227,0.038610730466910784,0.047692145228918126,1
1228,0.07683940061760762,1.0571582517419005,0
1229,0.4854941921037459,0.8550222807749015,0
1230,-0.8201107811764905,0.3989347888049436,0
1231,0.5076234514805332,0.8480042116324973,0
1232,0.7207198716074839,-0.4685173888197911,1
1233,-1.2266262922770743,0.23759653538697392,0
1234,0.8377328747579218,-0.4299733119232787,1
1235,0.8504305184280531,0.3226579914097147,0
1236,-0.7401947380137562,0.7451341699110693,0
1237,-1.2145439784098755,0.0705950899259391,0
1238,-0.8698809785032312,0.6584681969726326,0
1239,-0.7944172199487451,0.05156775907918765,0
1240,2.097582474229952,0.026487315718591156,1
1241,1.1569003866564003,0.08324526440802989,0
1242,-0.8801384214933304,0.3303562415682484,0
1243,0.6548155920405617,-0.43343122596644446,1
1244,1.2328854093780337,-0.6185704468622277,1
1245,1.87444986114055,-0.06707055369424039,1
1246,1.4513066817955174,-0.09677585295718868,1
1247,0.8065775683242494,0.5298296454432295,0
1248,-0.1828185763813373,0.8686560270962003,0
1249,0.9642634008691676,0.044706689912198595,0
1250,1.29523324237692,-0.17918194484654232,1
1251,-0.6643587320663354,0.5572795824455298,0
1252,0.8845505058559315,0.24038665148144814,0
1253,-0.9768684496181226,-0.048394253180248675,0
1254,0.690755726449704,-0.45325179322496434,1
1255,0.52775933963341,0.8848247766510171,0
1256,0.012526291134865631,0.08319743851159478,1
1257,1.6071267070624142,-0.2716082930261948,1
1258,0.9739208445390166,0.2629610584057466,0
1259,0.5663833288719454,0.6783218238135051,0
1260,1.147530199625307,0.14277617323026312,0
1261,-0.9002111249643102,0.2928227162116713,0
1262,0.512101785130768,0.6692056369638222,0
1263,1.998267544142138,0.3001869778791111,1
1264,0.832980257984722,0.5463304820622447,0
1265,-0.7269527007483212,0.1655981990679013,0
1266,0.23803630399107603,1.1220225245690567,0
1267,0.7655035020805059,-0.25827559940595757,1
1268,0.15582933995177922,0.8120171995786807,0
1269,2.0067311390153537,0.2376398818105407,1
1270,0.04455875582022408,0.41972435405312886,1
1271,-0.8518937043505458,0.801502198147575,0
1272,0.37879453111593586,-0.5415776059582758,1
1273,0.9619413201895781,-0.17967300937347597,0
1274,0.32158813661041363,-0.022227527525553417,1
1275,0.003917411906247866,0.22451840445891036,1
1276,-1.1863196274838486,0.14462127236244837,0
1277,1.0980772288379297,0.10270002483809029,0
1278,0.6589463490524083,0.7769022401677972,0
1279,0.9830932977590722,0.10868906963202829,0
1280,0.8141391667403737,0.7505975580291935,0
1281,0.1360908459652413,0.447736558778237,1
1282,0.012276538885722665,0.021636616732464725,1
1283,-1.1751892323933157,0.20820802521753698,0
1284,0.32237364365476884,0.8624468835930654,0
1285,1.2325608574052986,-0.24535655645391596,1
1286,0.6323654427695217,-0.22106509440259897,1
1287,0.948873339549883,0.5225529811873346,0
1288,1.9360429162793211,0.1205811724593349,1
1289,1.5954412031799043,-0.41734538597365284,1
1290,0.6908698813471815,0.7292291732965327,0
1291,-0.3329209819035378,0.8354890576943343,0
1292,1.8085766433675874,0.14494845826159236,1
1293,1.4590101246360996,-0.42993556609760897,1
1294,1.0205743681955255,0.1723893207173077,0
1295,1.1404806792646223,0.40882628690981637,0
1296,0.7558706547420708,0.7210722183562841,0
1297,0.3119499970885219,0.9631862381891704,0
1298,-0.2963633026410621,1.080377963118518,0
1299,1.9532305505519034,0.4381137618487875,1
1300,1.3611507785595816,-0.3579212389692822,1
1301,0.7453156438587105,0.2218306802609559,0
1302,0.8146277543730193,0.6890416606577575,0
1303,0.9558813644904646,-0.4289478310616237,1
1304,1.9620918654770811,0.27755299822933094,1
1305,0.4040465748866051,0.5128168568213605,0
1306,0.4221123464729777,-0.438368581842634,1
1307,-0.9567140058351011,0.5843360303321843,0
1308,-0.07090253361143811,1.1291681187542442,0
1309,0.0520006808059261,0.19558087605098204,1
1310,0.31414729987442314,-0.5162564922029775,1
1311,0.662793156299767,-0.7127647378643458,1
1312,2.0436334203643503,0.4870899900464316,1
1313,0.947094038329444,-0.5774809739017781,1
1314,0.6585088009162694,-0.31479521574864616,1
1315,-0.31405253242859277,0.6541833114235258,0
1316,0.01485800393959641,0.04049245999970067,1
1317,0.06553689411479197,0.17139976457992762,1
1318,0.7839001623719661,-0.426895231351472,1
1319,2.037643878572356,0.28686274101765075,1
1320,-0.23659157090571237,1.073966408513816,0
1321,-1.00440994310346,0.6501965085595715,0
1322,0.7580743929067791,-0.5190896737473693,1
1323,1.6505573046040631,-0.4931210332027418,1
1324,-0.9349831584216456,0.5485152175639123,0
1325,1.9873544500097577,0.35914134328126585,1
1326,2.1608891611989445,0.308338603362357,1
1327,-0.35939563432425026,0.8182128248262801,0
1328,1.032669887132375,-0.1838069464142441,0
1329,-0.11199093645077361,0.9463376398019273,0
1330,1.4696233076129817,-0.5892044311600877,1
1331,0.07847183128071747,-0.06714890498679779,1
1332,1.4591185733197403,-0.4598013250922458,1
1333,1.00954105056081,-0.5882584149248481,1
1334,-0.3346171252728502,1.0841536808420922,0
1335,-1.033071160449976,0.4442082189313066,0
1336,0.6355920698161391,0.618537762810487,0
1337,-0.6641776806731396,0.9489291807683633,0
1338,0.8764529822147172,-0.38641902800402944,1
1339,0.09020524586150089,-0.03442003153508075,1
1340,0.3819479857440065,1.2366376514241797,0
1341,0.6678125780652386,0.6346142567635709,0
1342,-0.27654983798645616,0.8872306883789995,0
1343,0.09088760387236652,-0.15878841856394607,1
1344,0.6323561807578426,0.8088243596979965,0
1345,1.8739955178396297,-0.10637641841815594,1
1346,0.47311699803173685,0.7521442922954987,0
1347,-0.8314284312394239,0.37061941252312963,0
1348,1.0556484136517692,0.23948899028026255,0
1349,0.2199377803768231,0.41780702606929193,1
1350,0.9134689575764877,-0.6718367152645842,1
1351,0.3568948626063706,1.025961212050584,0
1352,0.3468480548717717,-0.16139233109827172,1
1353,-0.8656780552853373,0.6436946953797831,0
1354,0.29276848359448304,0.854492524476006,0
1355,-1.1125267202932747,0.3547770016675914,0
1356,-0.6324375582375409,0.6513769961471406,0
1357,0.7778568298350714,0.6756640564310727,0
1358,0.2805011186253478,0.9058152391375612,0
1359,-0.5970275115856024,0.6164889657194762,0
1360,0.6786500125063952,-0.320897398123825,1
1361,1.0109792732507223,-0.4731042823166996,1
1362,1.4047635527470912,0.2237184017297293,0
1363,1.0264855588317983,-0.14292938630202928,0
1364,0.4752048115067251,-0.5336898481772381,1
1365,0.7247989577559196,0.5909714318245053,0
1366,0.8262316520207476,-0.497805405589608,1
1367,0.9909994197255035,-0.6174802847375431,1
1368,1.9094461963009794,0.152053219946947,1
1369,0.36745667939577364,-0.054759821745275966,1
1370,0.7831421131654531,0.20078911649205708,0
1371,0.8448698761617417,0.44071075456667597,0
1372,1.5106852640584605,-0.5929087120935012,1
1373,1.1617137688876196,-0.6499279305671237,1
1374,0.9127831356960637,0.4292285834654348,0
1375,0.10122796873304049,0.11595615681450647,1
1376,-0.9918257405609411,0.7633818511830949,0
1377,1.995590705055465,-0.03810577540263868,1
1378,0.6357529358990821,0.532874713200929,0
1379,0.33592796684220694,1.2093701743826437,0
1380,-0.6981953631383633,0.1664813615249406,0
1381,1.0582794911457343,0.14054599856742472,0
1382,0.24167764343017584,-0.020643624933296738,1
1383,0.5482427829987446,-0.3994977208796017,1
1384,0.1525085943458685,1.2378792951900384,0
1385,1.092120359007514,-0.5471938703821327,1
1386,0.19704152144106332,-0.09398244994054175,1
1387,1.0510328032049157,0.17983115048876963,0
1388,-1.051111637692294,0.44132972351537003,0
1389,0.14569051089355795,0.3706789373893844,1
1390,0.7815983366130147,0.27531983133050886,0
1391,-0.923308255350851,0.1462791673870002,0
1392,-0.3304039383543331,1.0381675716670042,0
1393,1.9657179325736682,0.03851367714917753,1
1394,0.3690485817247337,1.077857036975643,0
1395,-0.0810699627033706,0.024586332376550335,1
1396,-0.9101233629587016,0.07558528154053751,0
1397,1.3194472009630223,-0.48141679580284635,1
1398,0.30411736584419546,0.00040211916349924826,1
1399,1.2593941570868243,-0.5649240850257529,1
1400,0.4268329594533433,0.9666999913609667,0
1401,-0.9614972801066192,0.08293605183261937,0
1402,-0.3686271232096424,0.7478572781926559,0
1403,0.5408320218955207,-0.21793240584074455,1
1404,-0.08662925180658781,0.010370178448814826,1
1405,0.7228403154269704,-0.514044495052308,1
1406,-0.8418644440860683,0.6051883619184167,0
1407,-1.0362464088801107,0.191780406935189,0
1408,-1.1775609400949238,0.5249623484016674,0
1409,0.1719561148165115,0.5091129864462985,1
1410,1.8281821374567608,-0.22302843151961751,1
1411,-0.9716981912115524,0.0096212264689442,0
1412,0.03247515335672488,0.3048369879772233,1
1413,0.12493440645293408,0.396021330765245,1
1414,-0.4388897268189019,0.6993512735140659,0
1415,1.8541633477237074,0.3324128326505188,1
1416,0.36670667766767245,0.7118133603900977,0
1417,-0.6237925973375837,0.5808939364264213,0
1418,-0.9084136191721537,0.5803811601324365,0
1419,1.3714585365566363,-0.2447928252416354,0
1420,0.004357839317482896,1.29897683549158,0
1421,0.8364846547373124,0.49793769927827797,0
1422,0.7876387808839309,1.1412353405487345,0
1423,0.7129842724804901,-0.2867037191108933,1
1424,1.3533743580388262,-0.32799850297314115,1
1425,1.8558012827131272,-0.21773361034634225,1
1426,1.4421672713705895,-0.25823611063272905,1
1427,1.0585510212589253,0.2169096300985003,0
1428,0.2817537068816568,0.9906096960210223,0
1429,-0.21231971755484452,0.15248009719848885,1
1430,1.7396990661090048,-0.10227154291576156,1
1431,0.9515557628935338,-0.5073773752225025,1
1432,1.1253858305840583,0.5180230194231549,0
1433,0.08705008997539307,-0.36282329875617403,1
1434,0.11959305981823387,0.1501764107981567,1
1435,0.8726160110164913,0.36429699068915755,0
1436,-0.2905071351449314,1.0578844454044256,0
1437,0.979088681241351,0.4103995697553576,0
1438,-1.063749752242059,0.30303080440417063,0
1439,-1.0828567558400894,0.2380493370094789,0
1440,1.4564865964681317,-0.296122047021138,1
1441,1.8026876923585573,-0.04853822402406212,1
1442,-0.6253772684635579,1.0254725044564947,0
1443,0.6349279664889543,0.9625485993692636,0
1444,-1.1100976545069345,0.11592652236392711,0
1445,1.8554536120432255,0.3419708192187846,1
1446,1.0549521627007532,-0.41864531901689195,1
1447,0.9993837203911605,-0.4785448433393044,1
1448,-0.9125364385330405,0.3976438976230863,0
1449,0.06720349557261106,1.2680799920532828,0
1450,0.4324139284230994,1.123437520308883,0
1451,0.7135798363992768,-0.3870808483126795,1
1452,0.5625611556231086,-0.2633286718666574,1
1453,0.4523957678464879,1.1584230611058453,0
1454,-1.188575296983977,0.5973959572702927,0
1455,0.21971932545209194,0.14965225491417655,1
1456,-0.6087067438553577,0.6893484412074394,0
1457,-1.1968775019751436,0.334670942004084,0
1458,-0.5688813344489512,0.8974823820836084,0
1459,-0.8703062567265858,0.22115992933407033,0
1460,0.1674396544139391,-0.25569752973284227,1
1461,1.516219786182666,-0.4555471357195334,1
1462,0.36307995488546707,0.8669234355003842,0
1463,0.8414147404057541,0.4542425391297758,0
1464,1.0297944622785808,-0.38140430331600317,1
1465,-0.5851485250381158,0.52513805817185,0
1466,0.23598172100446824,0.9967682080321589,0
1467,-0.6216502941937622,0.7762832306493245,0
1468,0.44249713819192776,0.6897669056073211,0
1469,-0.28056440378678554,1.0619308253123132,0
1470,0.7703206595433711,0.8989929574688301,0
1471,0.8914741019646913,-0.07507186206257735,0
1472,1.1923668533781981,-0.7609101651356203,1
1473,-0.46223099029616443,0.9773318433414689,0
1474,1.871311859947911,-0.056701929499467126,1
1475,-1.2804409399662986,0.0809957068162702,0
1476,1.845057466342759,-0.26422285861456607,1
1477,-0.13289460907558132,1.0581574674470036,0
1478,1.4607975088106355,-0.3014353061236138,1
1479,-0.8655130775744819,0.6053160650430962,0
1480,1.6014717615741225,-0.18121047264597298,1
1481,2.0885835023929733,-0.0701749084676986,1
1482,2.101858970798039,0.44705178287217895,1
1483,-0.556689141848778,0.7675992071403919,0
1484,1.34035161412423,-0.21180795130355987,1
1485,1.776981547612439,0.0904951260565599,1
1486,1.7381107059700938,-0.5826845588256215,1
1487,1.1312660643347872,-0.4949463524497486,1
1488,-1.1420408246240632,0.04958993870070916,0
1489,1.0913552488485037,0.41141020095515757,0
1490,1.7187777226106222,-0.5188794076741502,1
1491,0.32484984807657247,0.7862483827945266,0
1492,-0.11978896086788761,0.42424517112963783,1
1493,0.8839143554674281,-0.7172288217481427,1
1494,1.9234497149629253,0.5469761760456283,1
1495,-0.8569052214377552,1.0338444152011625,0
1496,0.8534383020250456,0.6848506462207083,0
1497,0.6589638035002305,-0.8230285201128931,1
1498,-0.1738396044462199,0.8889148984422515,0
1499,-0.9778286350726841,0.81257911624633,0
1500,-0.6960533155129182,0.6760261804941575,0
1501,0.5892274339679524,-0.3255986953214452,1
1502,-0.6726107101268426,0.7571849769314529,0
1503,1.9951441513898491,0.5470275195042273,1
1504,1.4793053979241026,-0.24414686015906029,1
1505,0.8873447148760518,-0.39621298868095556,1
1506,2.030550718460181,0.7603290702494412,1
1507,2.0090773087358493,-0.10692664291834875,1
1508,-0.11548776351163603,0.3965123986030083,1
1509,0.5740868576376987,0.5405641918904357,0
1510,-1.1373399837245382,-0.03343985951627776,0
1511,1.7631202687106344,-0.3333788885852039,1
1512,-0.25682629866130136,0.977840477121019,0
1513,0.6293373732809266,1.027798395698853,0
1514,0.6840956340551638,0.5932640802808482,0
1515,0.3524389543766112,0.9054740920601355,0
1516,1.4417542014694777,-0.35318939138648126,1
1517,2.1599675374005036,-0.1369796791429278,1
1518,0.05978754891574049,0.9564761470316895,0
1519,1.8452664428915029,-0.1910247375487144,1
1520,0.030113306707499763,1.004397853842922,0
1521,0.5293768823562003,-0.07337495003120939,1
1522,2.0266052599336826,0.6164972323866722,1
1523,0.9436408485764853,-0.30401347417539426,1
1524,-0.7822672961964243,0.056544303775471566,0
1525,1.0027331334898226,0.4905199401365284,0
1526,-0.8163258248992331,0.7066183810870492,0
1527,0.581796764925795,-0.4829589874191136,1
1528,2.09148768649002,0.17193917228451536,1
1529,0.19282602431340493,0.047962381047979424,1
1530,-0.2772292064210016,1.0154316501781033,0
1531,1.8187441740775296,0.3937798709638276,1
1532,-0.1658328977586439,1.0333995064784294,0
1533,0.8150122104376156,0.2804066394209348,0
1534,2.3041640382685324,0.2255509885949071,1
1535,0.7473508873938957,0.8197409567517543,0
1536,0.7195508333972198,-0.2232580780861533,1
1537,0.06386752631908744,1.0587924242551965,0
1538,1.9583400147021337,0.5867332606707053,1
1539,-0.9289730209963233,0.2058020004519734,0
1540,1.0750562048681065,0.33876745801981417,0
1541,-0.08525924765854531,0.4965670594280781,1
1542,0.05465916698625782,-0.17170065580108612,1
1543,1.686930214263236,-0.2935269863620821,1
1544,0.5615675270743999,-0.43122759503840785,1
1545,1.8874602959534208,-0.03788394338266131,1
1546,1.0371053669384422,-0.6305687084253256,1
1547,0.4306423630838555,0.601607838446841,0
1548,-0.17549384869076967,0.8308136685500337,0
1549,0.5600346931963863,0.8114916120627258,0
1550,-0.705800790678293,0.6625275498237921,0
1551,-1.1612969714533552,0.5352678784850997,0
1552,1.669734882761373,-0.1832437450866272,1
1553,1.9322280803734138,0.3519742920352327,1
1554,1.6100261684405812,-0.4798114857439915,1
1555,1.295753929935382,0.19651454101805704,0
1556,0.7342791158383836,0.8071465317129548,0
1557,-0.7273937214941885,0.7660785389080886,0
1558,0.5441176736635005,1.1222557116364127,0
1559,0.6373677065733048,-0.6347362004637879,1
1560,-0.7546901326686762,0.9946337084719787,0
1561,0.6936911730160521,0.701491247786733,0
1562,-0.08373287584034894,1.079904892218477,0
1563,0.4392589160967143,-0.16230278347881397,1
1564,-0.006577355831209664,-0.3409101863025256,1
1565,0.05827349237480946,0.03681657016676012,1
1566,-0.036145430327780254,0.13033852815473268,1
1567,1.0380192442008331,0.00685303033311746,0
1568,1.0210762012099113,0.22978952551003462,0
1569,0.2959540125543182,1.0720609814318762,0
1570,-0.6056456565901183,0.5915249581047602,0
1571,-0.8016822363139365,0.7751183338867065,0
1572,-0.5804118224717868,0.7670109096318595,0
1573,0.38122836900914603,0.5147229296040838,0
1574,-0.7929546196238113,0.43818381110423416,0
1575,0.9064032852492119,-0.5861301934801603,1
1576,1.6645396530056842,0.31915102177980686,1
1577,2.1702615418122306,0.591726804123414,1
1578,-0.29070260749180776,0.9863924835068436,0
1579,0.562373018418558,-0.7264269225234016,1
1580,2.0221470787481164,0.6439820396265772,1
1581,0.9946904507274266,0.6728319831354173,0
1582,0.1614907324549485,0.7215935242431087,0
1583,0.74014940361058,-0.4363881614533913,1
1584,0.8557925471062002,-0.7062873791030656,1
1585,1.8178693872112985,0.06526048731435567,1
1586,0.2812045005012264,-0.09622288772381635,1
1587,-0.7678009563223602,0.797987220669638,0
1588,0.22279126600280486,0.8382674320765516,0
1589,1.8278814389873372,-0.23693338473689882,1
1590,0.21026102546658834,0.08797686863093543,1
1591,0.1861969147407977,0.27468602311712775,1
1592,0.8208086663926852,0.8057154860413668,0
1593,0.5047039611834228,-0.229247082835343,1
1594,-0.4381911650096949,0.9670035717595619,0
1595,1.0141142108168488,0.3672646844443852,0
1596,-0.18005466661420863,0.8605372721719664,0
1597,-0.00898931376382775,-0.04834892016565984,1
1598,2.255977539051619,0.36538525326578664,1
1599,1.557277416632042,0.18387311808998208,1
1600,1.842591372461258,0.33952934436261833,1
1601,0.04899363708664903,0.6088829463575947,0
1602,2.1296259441994394,0.1656933616573853,1
1603,0.34547764981859813,0.13508294402533053,1
1604,0.2666365113513517,1.1861537626656178,0
1605,-0.4171454947997606,0.40215795071641297,1
1606,0.8927957528536384,0.030731628824673937,0
1607,-0.46700722534698164,0.7722658004600693,0
1608,-0.3741115152296971,1.1623293387351916,0
1609,0.35531615928587956,-0.29075198515591305,1
1610,1.4181014952777309,-0.300564365815298,1
1611,-1.0814823671386478,0.28608086795386156,0
1612,1.6178710107526637,-0.018264726726807484,1
1613,0.6887151118107043,-0.5945109761529693,1
1614,0.7689813889247691,0.2811786583468723,0
1615,0.11490104395478756,1.017897500716828,0
1616,-0.7707982751160809,0.468946181266812,0
1617,2.080833606081241,-0.1006186213233739,1
1618,1.4791516645996978,-0.2625114575050918,1
1619,-0.6950196000904676,0.5704724432496828,0
1620,-0.596641155522543,0.39249783103558944,0
1621,0.7799273763521777,-0.4541538765101083,1
1622,1.6847803186962644,0.2389176451097117,1
1623,-0.46735636022251237,0.8453756288581926,0
1624,0.2807511143167514,0.9536626837046227,0
1625,-0.9589863443758428,0.41865932783099225,0
1626,-1.0442463110628033,0.1329638475655779,0
1627,0.5986867790841894,-0.41568761608151983,1
1628,0.2528313516807552,0.9414780773839331,0
1629,-0.20459012563972795,1.0001767946758293,0
1630,1.6809299584538864,0.038444121349780834,1
1631,-0.09286230814131027,1.2602908126829777,0
1632,1.7548525255437075,0.07962308993374159,1
1633,0.8203410238816164,0.4493884754457228,0
1634,2.0159323584829036,0.37942492039868425,1
1635,1.1796267879742863,-0.5263654224900215,1
1636,1.921887576369377,-0.1761369013899823,1
1637,-0.9438035175711991,0.15441412063912618,0
1638,-1.0994422740455287,0.1554088121085211,0
1639,2.0152967058043556,0.20494000370649937,1
1640,0.8396532978312247,-0.23992860914622022,1
1641,0.7562557707906004,0.734573915467647,0
1642,-0.7817193500671488,0.6765601396082391,0
1643,0.012234491660618699,1.335286235597028,0
1644,1.7610340552073913,-0.17050496872570695,1
1645,-0.2563722935297802,0.8903028941327457,0
1646,-0.6997386658430262,0.13452471202737118,0
1647,-0.3123232272132448,1.1032389290175408,0
1648,0.36128671302503246,-0.3941286026898486,1
1649,0.6088850242280794,1.0665476011442419,0
1650,0.11369375041423502,0.012461611931104653,1
1651,0.991869626494303,-0.4043372252857878,1
1652,0.8888371765784182,0.24971007867259293,0
1653,1.0843032155301138,-0.7346077516535403,1
1654,0.4291368372445216,-0.2183577401447203,1
1655,0.29829248705513145,-0.49650749524511995,1
1656,1.289396547976447,-0.2582197634101274,1
1657,0.9876852048363344,0.208483728164542,0
1658,0.9088042446870108,0.4657178785597693,0
1659,-0.8944804862087813,0.6762761669016484,0
1660,0.08029867118850839,0.06577566451644684,1
1661,-0.6582255914517963,0.7670154787549155,0
1662,-0.39213556515541936,0.88792802350042,0
1663,0.557980497622022,-0.013204519434481699,1
1664,-0.5550904233582854,0.521621579895303,0
1665,1.8966629057787792,0.4904600044521489,1
1666,0.6374149131822567,-0.09988977956346584,1
1667,0.447752962840924,-0.3955166853182458,1
1668,0.6205618294620401,0.5728357584205437,0
1669,-0.09850615763934684,0.8134481922060874,0
1670,0.4782739460115523,-0.32521681484327714,1
1671,-0.6571817021090214,0.9877283648974737,0
1672,1.891664126839216,-0.20555032139913426,1
1673,0.44911283555673603,0.6130397175284256,0
1674,0.2934841998738819,-0.20335720232854834,1
1675,0.5433235652352307,-0.373321180406368,1
1676,0.022688590254632476,0.9858850769315438,0
1677,-0.42317828330123936,0.7429957290686852,0
1678,0.19934043643730598,1.077712975407717,0
1679,0.31762653967854987,-0.09923560985960775,1
1680,-0.10695877456388825,0.0045334291040206726,1
1681,1.1520196263167954,0.6767315648151759,0
1682,0.9407897117036486,0.8632538675514614,0
1683,1.0282875414840058,-0.3548537214220098,1
1684,0.12357675638393821,-0.18990949949230426,1
1685,1.7251927181276052,-0.30241053630702136,1
1686,0.38899980577954524,0.9736483960895493,0
1687,-0.44299100853123,1.0943752761220908,0
1688,1.6505064429435545,-0.09142616100042063,1
1689,-0.7021311120018471,0.7460888751052025,0
1690,1.98728142886597,-0.15056456749196748,1
1691,2.1066033267555366,0.10092387151087698,1
1692,1.481558130120048,-0.22628617162631087,1
1693,1.2457428743757828,0.0938977077527669,0
1694,1.8884899072982357,0.2849401892623611,1
1695,1.952038242138054,-0.14958233365422158,1
1696,-0.4351937109226707,0.8396698599308636,0
1697,0.7841067734132516,0.4080094085468538,0
1698,1.584210654245032,-0.43243258053438893,1
1699,0.6963820312532502,0.9433789850873725,0
1700,2.0079172239869574,0.11493969208899804,1
1701,1.752781852861424,-0.2091558924978556,1
1702,-0.7372250766397187,0.7738222073997113,0
1703,0.61116260724066,0.3445606257461749,0
1704,0.46260465599110284,0.8702806795417433,0
1705,0.2592080040081675,0.5820390236104642,0
1706,-0.8550420825940834,0.46767605453320826,0
1707,0.8954711270474602,-0.6043190166695447,1
1708,0.21572184114027668,0.38775528071008286,1
1709,-0.8270712346393592,0.7495247789736444,0
1710,0.5440068664846898,1.1146773526567566,0
1711,1.1270910278803836,0.24605904882903695,0
1712,2.1775828785400027,0.7301355055811272,1
1713,-0.19265228871369744,0.9689156162936021,0
1714,0.4173136921262057,-0.17875843208871167,1
1715,1.0610395690201435,-0.49255268843301375,1
1716,1.933641501047206,0.05950257626189827,1
1717,0.07604042529227553,0.9730881473652077,0
1718,1.6417789175020898,-0.3367757120898667,1
1719,0.4581566856800227,-0.23182737692486635,1
1720,1.033002202000838,0.4927675579848102,0
1721,-0.640414528028475,0.378565138906665,0
1722,-0.19026868871124067,0.6351910654428747,1
1723,0.2557826287144822,0.037923754357562546,1
1724,1.0314087515792205,0.06862318192311526,0
1725,0.23537127704181224,-0.058126274941752015,1
1726,1.2906586592277567,-0.5058950511987634,1
1727,-0.7619846784361464,0.3929107173523442,0
1728,0.18343685407432805,-0.019896766641620864,1
1729,-0.5851912119852247,1.065852759766854,0
1730,1.9955149529071377,0.6931437362585839,1
1731,-0.6218177392360799,-0.1480755103695409,0
1732,1.374321961809008,-0.49566541886922194,1
1733,1.1211227161032444,-0.6543167660814443,1
1734,-0.15273055103349553,0.031194968460689698,1
1735,1.3114362548981662,-0.33892500297965444,1
1736,1.001848198686936,0.7437111810125071,0
1737,0.34121735086048677,-0.13827557918240682,1
1738,0.5345656977793435,-0.18139115208318926,1
1739,0.8758606100090048,0.6766879350561724,0
1740,-0.1519709946857317,0.31771260681100855,1
1741,0.09846243714064806,-0.11754468560200901,1
1742,-0.5391712630778364,0.8595137877679738,0
1743,0.9496649656075228,-0.015158773264177805,0
1744,1.9809728247967828,0.5227122598805041,1
1745,0.936248962431198,0.6481262825067062,0
1746,1.7261177299809056,0.2836289841022497,1
1747,0.17455916002632788,0.26907895970416756,1
1748,1.4633453483392111,-0.15316114052693325,1
1749,0.9207668098865105,-0.40600669910057363,1
1750,-0.3592360174774559,1.0050750016439638,0
1751,-0.10584773997195113,1.1473335689357806,0
1752,0.05614166941293751,0.7611255684791912,0
1753,-0.9395111688241126,0.2151828840191673,0
1754,1.2100496609676337,-0.5312967056832927,1
1755,-0.8407548206855365,0.2506552630108842,0
1756,1.1794699789431975,0.15341251774553089,0
1757,0.22505996213699653,0.9122331954530486,0
1758,0.14495183755825916,0.9837160403324872,0
1759,2.0241102497301324,0.5350054170940637,1
1760,-0.9730786440067992,0.11566050379017465,0
1761,0.8252454557043564,-0.42342906565622646,1
1762,-0.9103536160600917,0.27009706040494,0
1763,0.09792071242949826,0.9829583865610882,0
1764,1.5229068681145639,-0.20199867656583576,1
1765,0.3912839611837925,-0.056857269380915204,1
1766,-0.3838412963429561,1.1768621960494228,0
1767,1.3631632350269423,-0.5540247692116221,1
1768,0.933003454787874,-0.3477770380643026,1
1769,1.108119437290165,-0.2998322900066873,1
1770,1.0483732291595773,-0.26371244572286073,1
1771,0.5573281614627099,-0.2868297940850786,1
1772,0.5490992693742547,0.9391361117155242,0
1773,-0.619318641858229,0.628032489243679,0
1774,0.6515538296399127,0.6749881589864389,0
1775,1.8898950717662233,0.3676823100942099,1
1776,0.336369360933874,-0.6681654680670184,1
1777,0.801811486608201,-0.03365555584104568,0
1778,-0.8775572448809756,0.6090654749771149,0
1779,-0.8845111536774701,0.35458031174946725,0
1780,0.18044356729184635,1.0007615972983828,0
1781,0.4845774729735577,-0.28412638807515134,1
1782,0.8203056660868965,0.5516483752508413,0
1783,0.22839425662068746,0.857783250073339,0
1784,0.0557004419546812,-0.1383585528064083,1
1785,-0.05372706061649734,0.3417544522752952,1
1786,1.173135872635762,-0.6437845799405719,1
1787,-1.135476538072379,0.5189858318326643,0
1788,-0.24354362572957222,1.0496638001521466,0
1789,1.7096458804192074,-0.5278444409179581,1
1790,1.6487126314611469,-0.36628773151221417,1
1791,-0.8927882207390108,0.6356855335506546,0
1792,1.5456010935843576,-0.15282750526673317,1
1793,0.5763125310512072,-0.12632063241846836,1
1794,1.8983160326760626,0.40992046691481754,1
1795,-1.1596627499414036,0.2213271267303265,0
1796,0.9083908748325702,-0.35687612126983925,1
1797,0.20304525434893086,0.3087202614327576,1
1798,0.05602030967567259,1.058447943661876,0
1799,1.9404303968515753,-0.07619783260053499,1
1800,0.46753937816519753,-0.29749784002625895,1
1801,0.4504332768434818,1.1395567773728972,0
1802,1.7103896918395023,-0.1307663789143999,1
1803,1.3007211828273764,-0.36824676282760527,1
1804,0.6443820421283623,0.8788528586417028,0
1805,0.8053244803787457,0.6679940518233823,0
1806,0.13970954958486037,0.4889395231238011,1
1807,1.7292409858872342,0.337541610098482,1
1808,1.6947571635293919,-0.15426948021062692,1
1809,-0.4298198756839543,0.8810316842658954,0
1810,-0.3329318917840128,0.9265846231714426,0
1811,-0.1613524509965307,1.0110395170639621,0
1812,0.6548785560047647,0.6984074733492243,0
1813,-0.2442976609661109,1.1004154685528666,0
1814,0.8758921049350539,0.017633899612709177,0
1815,0.7770805649183605,0.5364806798975319,0
1816,0.9224006229158862,-0.40613908337663157,1
1817,-0.9776350981297359,0.2272869524819635,0
1818,0.23625086125632047,0.5735907391788905,1
1819,1.354877876380186,-0.641226171728373,1
1820,0.9986153762932186,0.5477107361917266,0
1821,0.3701300284562531,1.0685351451454392,0
1822,-0.5234180320757754,0.5951710761975246,0
1823,0.19622274809369847,-0.16453087780677064,1
1824,0.013044833701339437,1.0901116385739962,0
1825,2.0291772305067357,-0.045258548191296405,1
1826,1.9392080991347487,-0.23292690614441636,1
1827,0.9427666418626659,0.8143364292635313,0
1828,-0.19939010503329352,1.1534400298895222,0
1829,1.6355338276566327,-0.024327439342382268,1
1830,0.9286594008359921,-0.5039424372041331,1
1831,0.9361781384503963,0.5262205796409136,0
1832,-1.1721603002882,0.43687095549973426,0
1833,1.971518085392236,0.032284790507566635,1
1834,0.3215669670733878,-0.4491954443180042,1
1835,1.6598392213957676,0.07992945133674625,1
1836,-0.12872373140398735,0.9336381879998815,0
1837,1.2076477717690204,-0.41850005183633454,1
1838,-0.26645447817832496,0.6300897283462328,0
1839,-0.09189878253760941,-0.012460218713943039,1
1840,-0.024596399277927394,0.0730839648297744,1
1841,0.31211838371808087,0.9934341887639325,0
1842,1.5559037871895185,-0.2723739505963604,1
1843,0.8276484864917083,-0.4804633905976527,1
1844,1.7455491932979696,-0.1124658475913675,1
1845,0.9899458604058847,0.43272373604370806,0
1846,-0.910910913028805,0.370380868821781,0
1847,-0.9977721342759488,0.4753221966322977,0
1848,0.6736660937891676,0.7116836428333987,0
1849,0.02595086969559318,0.5688558467973993,1
1850,0.5775493848025459,1.1026828365903398,0
1851,0.9793199791259227,0.3920157411313119,0
1852,0.9403571270069337,0.6640625301291818,0
1853,1.0090632619621525,-0.5195771451299331,1
1854,1.8669715324711416,-0.07336174043988229,1
1855,-0.6248140851692744,1.2313476712694902,0
1856,1.9362843443675601,0.208271467430428,1
1857,1.9616117506405517,-0.09963534312425175,1
1858,1.8813245920143087,-0.2219861650110002,1
1859,-0.9313330785176211,0.39039664491168363,0
1860,1.3698874638943135,-0.3747367325954266,1
1861,1.1634788776863279,-0.7926629450083825,1
1862,-0.21998378536288826,1.0592910966468192,0
1863,2.090829837632828,0.13862469186223605,1
1864,0.5851009672052303,-0.43981327664866515,1
1865,0.2691090942843568,0.3789430998605498,1
1866,-0.5562418646337266,0.49057512551717675,0
1867,0.9387172926052267,0.1770209756125974,0
1868,0.685291701310999,0.5198357541581797,0
1869,2.1774025173251683,0.7159937298817446,1
1870,0.8593744931924256,0.4139882182676941,0
1871,1.9393042727048022,0.49336375746575367,1
1872,1.2108719817848468,-0.2624927320355378,1
1873,1.9904039218294056,0.3161879210877526,1
1874,0.30667473148634783,0.8200015954164331,0
1875,-0.051568338647205475,1.1304391437243415,0
1876,1.905317752276855,-0.18347662282912297,1
1877,0.2137771399639462,1.081150635007378,0
1878,0.6170551832590727,-0.2904487338691614,1
1879,-0.8477571695992241,0.15201095111035554,0
1880,1.8394264602261186,-0.10279977607738092,1
1881,1.8286255072631954,0.05390360783500906,1
1882,0.9592188898786047,-0.3699058494609401,1
1883,0.5508202033514034,-0.5498688824116277,1
1884,-0.6513467120516808,0.8638321507876349,0
1885,0.18157227068348336,0.19649863027863684,1
1886,1.7169849212057062,-0.22178407526632674,1
1887,-0.9777266656565652,0.2359822000761075,0
1888,0.47178226641003473,-0.3296617655504272,1
1889,0.31611458703090933,0.07205009371251683,1
1890,-0.33020290749401315,0.7635675701800205,0
1891,0.7023056520386304,-0.18531097100205124,1
1892,0.7096430393239546,0.794220971160404,0
1893,1.7317685888938026,-0.010942512711892085,1
1894,-0.006173619546016917,0.11056773474752704,1
1895,-0.8026927707032958,0.642162728079995,0
1896,1.4796046426265173,-0.31776814124794733,1
1897,1.9804758682646981,0.3660304155705157,1
1898,1.8000136405148606,-0.22278315723392925,1
1899,0.7850175204122231,-0.6474046399575908,1
1900,0.5935160334758345,-0.16816976462192076,1
1901,-0.6450576967896006,0.697285924076555,0
1902,0.3506387878831986,-0.12700562034771723,1
1903,-0.28346540590589764,0.634314243607114,0
1904,0.7404741156506932,1.1036832126837375,0
1905,-0.9310058125203591,0.06033113263819431,0
1906,1.1305520469818062,0.4903201276993068,0
1907,0.5966226682472251,-0.1266163521830102,1
1908,0.5698278958991121,-0.3591951320729086,1
1909,0.24065372884030184,-0.19750360937468064,1
1910,0.02852158044562196,-0.1369729028001349,1
1911,-0.6980715013727845,0.014780020888401956,0
1912,1.5239972512873436,-0.47529493522491084,1
1913,1.6996550957822096,0.08977840877370696,1
1914,-0.0034775106483482757,0.1891155545392778,1
1915,1.6606030815103914,-0.5581029726335253,1
1916,1.5505198310706683,-0.26079934614272293,1
1917,0.41007830569078113,-0.2918752276309724,1
1918,0.6450252851968172,-0.937074709370314,1
1919,1.7935228826799146,-0.3530551097372255,1
1920,0.7871565372978997,-0.5867797784113037,1
1921,0.7617171176308702,0.0557453624203548,0
1922,0.7511259615450775,0.5727113753825399,0
1923,0.26497089215307335,0.11038266878092631,1
1924,0.9581223318592524,0.2001004725689713,0
1925,0.904842893301509,-0.6518722552727297,1
1926,0.4955691662160636,-0.2620719323265985,1
1927,-1.2970448786796627,0.24922969194590866,0
1928,-0.286600111427003,0.9999994498928853,0
1929,0.6307622669824982,-0.4296756860844515,1
1930,1.6881612616004782,0.002822151746540571,1
1931,0.26144708192678423,0.47371709594045286,1
1932,1.0441737245290132,-0.5876045677990034,1
1933,-0.13302291465076957,0.42278622519302617,1
1934,0.11473748686815545,1.2657971721977992,0
1935,-0.6085836084399217,0.43140704114916495,0
1936,-0.9847127367616106,0.023374708170759817,0
1937,-0.2876646050075361,1.1061651132875872,0
1938,2.1291700902766957,0.3071506252681108,1
1939,1.4938913747062887,-0.269377145418564,1
1940,0.8944125330223964,-0.5550845968275713,1
1941,0.8712303006525519,-0.3010642192504527,1
1942,-0.037367338714947754,0.19621348851832096,1
1943,0.0008190295838920725,1.2667693451445423,0
1944,0.22407160651653046,1.2313399339789175,0
1945,-0.32260635889751715,0.7967631587740778,0
1946,0.37648568093466794,1.3131862945105695,0
1947,-0.5290101656730164,1.090022547364765,0
1948,1.3603338588912166,-0.45692534322526696,1
1949,-0.5647751118700688,0.9684412081092126,0
1950,0.4239740457809396,-0.3625180475705703,1
1951,0.9576758928791219,0.7149377642918131,0
1952,0.6006676444173121,0.6069588849904612,0
1953,1.98694154688919,0.1332460875270363,1
1954,-0.27783368588258756,0.9541307488268508,0
1955,0.7998737292740212,-0.24957429599963243,1
1956,1.1890067238789932,-0.4742767050696079,1
1957,-0.867651821266817,0.5692868544230406,0
1958,0.4976022226231636,0.6835753250482861,0
1959,-0.08861845441379604,0.49711119080034705,1
1960,0.8158458697614536,-0.6274759038966945,1
1961,0.8852159807335126,0.5180902569866563,0
1962,-0.060245508551846016,0.4058953551111196,1
1963,1.8060260940510537,0.10328545907894045,1
1964,1.260149862102982,-0.5611891484976923,1
1965,0.8646345309844281,-0.6178511844573987,1
1966,-0.8212517570750213,0.8345341307699946,0
1967,0.043318262125123706,0.4750311439588018,1
1968,0.2582860507625361,-0.15666494154733904,1
1969,-0.05053168699391117,0.9102479905360586,0
1970,-0.31259369943725,0.9380506771979131,0
1971,0.2546865481635673,0.995597018440014,0
1972,1.9305649466890533,0.295555947817829,1
1973,-0.611604275466881,0.7512054821900803,0
1974,0.9737787888190854,-0.4587962781126747,1
1975,0.7977357241037516,0.7512532356456646,0
1976,-1.1778038102228827,0.4601232096790754,0
1977,0.5270609125817308,0.9509778039873861,0
1978,-1.120921458698453,0.2984910275166851,0
1979,0.6081293398943537,0.8300328933376305,0
1980,0.46555194839280634,-0.2622762181857975,1
1981,0.6094383488894705,-0.22814925373763045,1
1982,0.2508381754381861,-0.33030656786804846,1
1983,0.3663938936931932,-0.26558203423687,1
1984,1.0737031909435077,-0.34051801175319574,1
1985,0.047489130300144386,0.8299783369656148,0
1986,-0.7368213522924125,0.4016696924117663,0
1987,1.100145972714935,-0.6008731852800668,1
1988,0.7914653308416434,0.3204285853367557,0
1989,0.730092680079476,0.45121980141640927,0
1990,-1.1757198903823736,0.2251149248711102,0
1991,-1.0115231642271516,0.4304827889598341,0
1992,1.4645459637740588,-0.49435944486963074,1
1993,-0.5493507474685735,0.6603614414920348,0
1994,-0.9009295814973278,0.20406690696573354,0
1995,1.7923740792074294,-0.19510541420894018,1
1996,0.29045179676947336,0.33695679485089053,1
1997,2.387512092513318,0.0846610807696967,1
1998,1.0043152485297888,0.7350969232899865,0
1999,0.11178242147407846,0.31100387254144846,1
